operation_id,domain,kind,method,bff_route,service_route,capability,request_schema,response_schema,contract_file,status,canonical_operation_id,alias_of,screen_id,screen_name,description,owner
access.bootstrap,access,command,POST,/api/v1/access/bootstrap,/v1/access/bootstrap,access.write,AccessBootstrapRequest,AccessBootstrapResponse,25-kontrakty-domenowe-i-api/identity-auth-api.md,approved-target,access.bootstrap,,,,bootstrap po zakończeniu Auth,Artur Wiśniewski
access.resolve,access,command,POST,/api/v1/access/resolve,/v1/access/resolve,access.read,AccessResolveRequest,AccessResolveResponse,25-kontrakty-domenowe-i-api/access.md,approved-target,access.resolve,,,,rozwiązanie kontekstu tenant/workspace,Artur Wiśniewski
access.tenant.select,access,command,POST,/api/v1/access/tenant/select,/v1/access/tenant/select,access.write,AccessTenantSelectRequest,AccessTenantSelectResponse,25-kontrakty-domenowe-i-api/access.md,approved-target,access.tenant.select,,,,wybór organizacji lub tenanta,Artur Wiśniewski
access.tenants.list,access,query,GET,/api/v1/access/tenants/list,/v1/access/tenants/list,access.read,AccessTenantsListRequest,AccessTenantsListResponse,25-kontrakty-domenowe-i-api/identity-auth-api.md,approved-target,access.tenants.list,,,,lista dostępnych tenantów,Artur Wiśniewski
access.workspace.select,access,command,POST,/api/v1/access/workspace/select,/v1/access/workspace/select,workspace.write,AccessWorkspaceSelectRequest,AccessWorkspaceSelectResponse,25-kontrakty-domenowe-i-api/access.md,approved-target,access.workspace.select,,,,wybór workspace,Artur Wiśniewski
access.workspaces.list,access,query,GET,/api/v1/access/workspaces/list,/v1/access/workspaces/list,access.read,AccessWorkspacesListRequest,AccessWorkspacesListResponse,25-kontrakty-domenowe-i-api/identity-auth-api.md,approved-target,access.workspaces.list,,,,lista dostępnych workspace,Artur Wiśniewski
actions.read,actions,query,GET,/api/v1/actions/read,/v1/actions/read,actions.read,ActionsReadRequest,ActionsReadResponse,25-kontrakty-domenowe-i-api/cross-cutting-operations.md,approved-target,actions.read,,,,bazowy odczyt domeny actions,Artur Wiśniewski
actions.write,actions,command,POST,/api/v1/actions/write,/v1/actions/write,actions.write,ActionsWriteRequest,ActionsWriteResponse,25-kontrakty-domenowe-i-api/cross-cutting-operations.md,approved-target,actions.write,,,,bazowa operacja zapisu domeny actions,Artur Wiśniewski
auth.access.blocked.read,auth,query,GET,/api/v1/auth/access/blocked,/v1/auth/access/blocked,auth.read,AuthAccessBlockedReadRequest,AuthAccessBlockedReadResponse,25-kontrakty-domenowe-i-api/identity-auth-api.md,approved-target,auth.access.blocked.read,,,,odczyt blokady dostępu,Artur Wiśniewski
auth.access.resolve,auth,command,POST,/api/v1/auth/access/resolve,/v1/auth/access/resolve,auth.write,AuthAccessResolveRequest,AuthAccessResolveResponse,25-kontrakty-domenowe-i-api/identity-auth-api.md,approved-target,auth.access.resolve,,,,alias rozwiązywania dostępu w Auth,Artur Wiśniewski
auth.account.link,auth,command,POST,/api/v1/auth/account/link,/v1/auth/account/link,auth.write,AuthAccountLinkRequest,AuthAccountLinkResponse,25-kontrakty-domenowe-i-api/identity-auth-api.md,approved-target,auth.account.link,,,,powiązanie istniejącego konta z zaproszeniem,Artur Wiśniewski
auth.consents.accept,auth,command,POST,/api/v1/auth/consents,/v1/auth/consents,auth.write,AuthConsentsAcceptRequest,AuthConsentsAcceptResponse,25-kontrakty-domenowe-i-api/identity-auth-api.md,approved-target,auth.consents.accept,,,,Akceptacja wersjonowanych zgód rejestracyjnych,Artur Wiśniewski
auth.email.resend,auth,command,POST,/api/v1/auth/email/resend,/v1/auth/email/resend,auth.write,AuthEmailResendRequest,AuthEmailResendResponse,25-kontrakty-domenowe-i-api/identity-auth-api.md,approved-target,auth.email.resend,,,,ponowne wysłanie e-maila,Artur Wiśniewski
auth.email.verify,auth,command,POST,/api/v1/auth/email/verify,/v1/auth/email/verify,auth.write,AuthEmailVerifyRequest,AuthEmailVerifyResponse,25-kontrakty-domenowe-i-api/identity-auth-api.md,approved-target,auth.email.verify,,,,weryfikacja e-mail,Artur Wiśniewski
auth.login,auth,command,POST,/api/v1/auth/login,/v1/auth/login,auth.write,AuthLoginRequest,AuthLoginResponse,25-kontrakty-domenowe-i-api/identity-auth-api.md,approved-target,auth.login,,,,logowanie użytkownika,Artur Wiśniewski
auth.logout,auth,command,POST,/api/v1/auth/logout,/v1/auth/logout,auth.write,AuthLogoutRequest,AuthLogoutResponse,25-kontrakty-domenowe-i-api/identity-auth-api.md,approved-target,auth.logout,,,,wylogowanie,Artur Wiśniewski
auth.mfa.confirm,auth,command,POST,/api/v1/auth/mfa/confirm,/v1/auth/mfa/confirm,auth.write,AuthMfaConfirmRequest,AuthMfaConfirmResponse,25-kontrakty-domenowe-i-api/identity-auth-api.md,approved-target,auth.mfa.confirm,,,,potwierdzenie konfiguracji MFA,Artur Wiśniewski
auth.mfa.enroll,auth,command,POST,/api/v1/auth/mfa/enroll,/v1/auth/mfa/enroll,auth.write,AuthMfaEnrollRequest,AuthMfaEnrollResponse,25-kontrakty-domenowe-i-api/identity-auth-api.md,approved-target,auth.mfa.enroll,,,,rozpoczęcie konfiguracji MFA,Artur Wiśniewski
auth.mfa.verify,auth,command,POST,/api/v1/auth/mfa/verify,/v1/auth/mfa/verify,auth.write,AuthMfaVerifyRequest,AuthMfaVerifyResponse,25-kontrakty-domenowe-i-api/identity-auth-api.md,approved-target,auth.mfa.verify,,,,weryfikacja MFA,Artur Wiśniewski
auth.oauth.callback,auth,callback,POST,/api/v1/auth/oauth/callback,/v1/auth/oauth/callback,auth.write,AuthOauthCallbackRequest,AuthOauthCallbackResponse,25-kontrakty-domenowe-i-api/identity-auth-api.md,approved-target,auth.oauth.callback,,,,callback OAuth,Artur Wiśniewski
auth.oauth.start,auth,command,POST,/api/v1/auth/oauth/start,/v1/auth/oauth/start,auth.write,AuthOauthStartRequest,AuthOauthStartResponse,25-kontrakty-domenowe-i-api/identity-auth-api.md,approved-target,auth.oauth.start,,,,rozpoczęcie OAuth,Artur Wiśniewski
auth.password.recovery.request,auth,command,POST,/api/v1/auth/password/recovery/request,/v1/auth/password/recovery/request,auth.write,AuthPasswordRecoveryRequestRequest,AuthPasswordRecoveryRequestResponse,25-kontrakty-domenowe-i-api/identity-auth-api.md,approved-target,auth.password.recovery.request,,,,prośba o odzyskanie hasła,Artur Wiśniewski
auth.password.recovery.token.validate,auth,callback,POST,/api/v1/auth/password/recovery/token/validate,/v1/auth/password/recovery/token/validate,auth.read,AuthPasswordRecoveryTokenValidateRequest,AuthPasswordRecoveryTokenValidateResponse,25-kontrakty-domenowe-i-api/identity-auth-api.md,approved-target,auth.password.recovery.token.validate,,,,Walidacja jednorazowego tokenu resetu hasła,Artur Wiśniewski
auth.password.reset,auth,command,POST,/api/v1/auth/password/reset,/v1/auth/password/reset,auth.write,AuthPasswordResetRequest,AuthPasswordResetResponse,25-kontrakty-domenowe-i-api/identity-auth-api.md,approved-target,auth.password.reset,,,,ustawienie nowego hasła,Artur Wiśniewski
auth.reauthenticate,auth,command,POST,/api/v1/auth/reauthenticate,/v1/auth/reauthenticate,auth.write,AuthReauthenticateRequest,AuthReauthenticateResponse,25-kontrakty-domenowe-i-api/identity-auth-api.md,approved-target,auth.reauthenticate,,,,ponowne uwierzytelnienie,Artur Wiśniewski
auth.register.email,auth,command,POST,/api/v1/auth/register/email,/v1/auth/register/email,auth.write,AuthRegisterEmailRequest,AuthRegisterEmailResponse,25-kontrakty-domenowe-i-api/identity-auth-api.md,approved-target,auth.register.email,,,,rejestracja konta przez e-mail,Artur Wiśniewski
auth.registration.finalize,auth,job,POST,/api/v1/auth/registration/finalize,/v1/auth/registration/finalize,auth.write,AuthRegistrationFinalizeRequest,AuthRegistrationFinalizeResponse,25-kontrakty-domenowe-i-api/identity-auth-api.md,approved-target,auth.registration.finalize,,,,Finalizacja rejestracji i utworzenie kontekstu dostępu,Artur Wiśniewski
auth.session.read,auth,query,GET,/api/v1/auth/session,/v1/auth/session,auth.read,AuthSessionReadRequest,AuthSessionReadResponse,25-kontrakty-domenowe-i-api/identity-auth-api.md,approved-target,auth.session.read,,,,odczyt kontekstu sesji,Artur Wiśniewski
auth.status.read,auth,query,GET,/api/v1/auth/status,/v1/auth/status,auth.read,AuthStatusReadRequest,AuthStatusReadResponse,25-kontrakty-domenowe-i-api/identity-auth-api.md,approved-target,auth.status.read,,,,stan usługi auth,Artur Wiśniewski
billing.adjustments.read,billing,query,GET,/api/v1/billing/korekty,/v1/billing/korekty,billing.read,BillingAdjustmentsReadRequest,BillingAdjustmentsReadResponse,25-kontrakty-domenowe-i-api/billing.md,approved-target,billing.adjustments.read,,70.07,Korekty,Odczyt view modelu powierzchni Korekty; nie tworzy osobnego CRUD poza przypadkiem użycia.,Artur Wiśniewski
billing.change-cancel.read,billing,query,GET,/api/v1/billing/zmiana-i-anulowanie,/v1/billing/zmiana-i-anulowanie,billing.read,BillingChangeCancelReadRequest,BillingChangeCancelReadResponse,25-kontrakty-domenowe-i-api/billing.md,approved-target,billing.change-cancel.read,,70.08,Zmiana i anulowanie,Odczyt view modelu powierzchni Zmiana i anulowanie; nie tworzy osobnego CRUD poza przypadkiem użycia.,Artur Wiśniewski
billing.entitlements.read,billing,query,GET,/api/v1/billing/entitlements,/v1/billing/entitlements,billing.read,BillingEntitlementsReadRequest,BillingEntitlementsReadResponse,25-kontrakty-domenowe-i-api/billing.md,approved-target,billing.entitlements.read,,,,uprawnienia abonamentu,Artur Wiśniewski
billing.invoices.read,billing,query,GET,/api/v1/billing/faktury,/v1/billing/faktury,billing.read,BillingInvoicesReadRequest,BillingInvoicesReadResponse,25-kontrakty-domenowe-i-api/billing.md,approved-target,billing.invoices.read,,70.04,Faktury,Odczyt view modelu powierzchni Faktury; nie tworzy osobnego CRUD poza przypadkiem użycia.,Artur Wiśniewski
billing.overdue-payment.read,billing,query,GET,/api/v1/billing/zalegla-platnosc,/v1/billing/zalegla-platnosc,billing.read,BillingOverduePaymentReadRequest,BillingOverduePaymentReadResponse,25-kontrakty-domenowe-i-api/billing.md,approved-target,billing.overdue-payment.read,,70.06,Zaległa płatność,Odczyt view modelu powierzchni Zaległa płatność; nie tworzy osobnego CRUD poza przypadkiem użycia.,Artur Wiśniewski
billing.overdue.resolve,billing,command,POST,/api/v1/billing/overdue/resolve,/v1/billing/overdue/resolve,billing.write,BillingOverdueResolveRequest,BillingOverdueResolveResponse,25-kontrakty-domenowe-i-api/billing.md,approved-target,billing.overdue.resolve,,,,odblokowanie po zaległej płatności,Artur Wiśniewski
billing.payment.method.update,billing,command,PUT,/api/v1/billing/payment-method,/v1/billing/payment-method,billing.write,BillingPaymentMethodUpdateRequest,BillingPaymentMethodUpdateResponse,25-kontrakty-domenowe-i-api/billing.md,approved-target,billing.payment.method.update,,,,aktualizacja metody płatności,Artur Wiśniewski
billing.payments.read,billing,query,GET,/api/v1/billing/platnosci,/v1/billing/platnosci,billing.read,BillingPaymentsReadRequest,BillingPaymentsReadResponse,25-kontrakty-domenowe-i-api/billing.md,approved-target,billing.payments.read,,70.05,Płatności,Odczyt view modelu powierzchni Płatności; nie tworzy osobnego CRUD poza przypadkiem użycia.,Artur Wiśniewski
billing.pilot-to-subscription.read,billing,query,GET,/api/v1/billing/pilot-do-abonamentu,/v1/billing/pilot-do-abonamentu,billing.read,BillingPilotToSubscriptionReadRequest,BillingPilotToSubscriptionReadResponse,25-kontrakty-domenowe-i-api/billing.md,approved-target,billing.pilot-to-subscription.read,,70.09,Pilot do abonamentu,Odczyt view modelu powierzchni Pilot do abonamentu; nie tworzy osobnego CRUD poza przypadkiem użycia.,Artur Wiśniewski
billing.pilot.read,billing,query,GET,/api/v1/billing/pilot,/v1/billing/pilot,billing.read,BillingPilotReadRequest,BillingPilotReadResponse,25-kontrakty-domenowe-i-api/billing.md,approved-target,billing.pilot.read,,,,pilot i dowód wartości,Artur Wiśniewski
billing.plan.select,billing,command,POST,/api/v1/billing/plan/select,/v1/billing/plan/select,billing.write,BillingPlanSelectRequest,BillingPlanSelectResponse,25-kontrakty-domenowe-i-api/billing.md,approved-target,billing.plan.select,,,,wybór planu,Artur Wiśniewski
billing.plans.read,billing,query,GET,/api/v1/billing/plany,/v1/billing/plany,billing.read,BillingPlansReadRequest,BillingPlansReadResponse,25-kontrakty-domenowe-i-api/billing.md,approved-target,billing.plans.read,,70.03,Plany,Odczyt view modelu powierzchni Plany; nie tworzy osobnego CRUD poza przypadkiem użycia.,Artur Wiśniewski
billing.read,billing,query,GET,/api/v1/billing/read,/v1/billing/read,billing.read,BillingReadRequest,BillingReadResponse,25-kontrakty-domenowe-i-api/billing.md,approved-target,billing.read,,,,bazowy odczyt domeny billing,Artur Wiśniewski
billing.subscription.activate,billing,command,POST,/api/v1/billing/subscription/activate,/v1/billing/subscription/activate,billing.write,BillingSubscriptionActivateRequest,BillingSubscriptionActivateResponse,25-kontrakty-domenowe-i-api/billing.md,approved-target,billing.subscription.activate,,,,aktywacja abonamentu,Artur Wiśniewski
billing.subscription.read,billing,query,GET,/api/v1/billing/subskrypcja,/v1/billing/subskrypcja,billing.read,BillingSubscriptionReadRequest,BillingSubscriptionReadResponse,25-kontrakty-domenowe-i-api/billing.md,approved-target,billing.subscription.read,,70.01,Subskrypcja,Odczyt view modelu powierzchni Subskrypcja; nie tworzy osobnego CRUD poza przypadkiem użycia.,Artur Wiśniewski
billing.usage-limits.read,billing,query,GET,/api/v1/billing/uzycie-i-limity,/v1/billing/uzycie-i-limity,billing.read,BillingUsageLimitsReadRequest,BillingUsageLimitsReadResponse,25-kontrakty-domenowe-i-api/billing.md,approved-target,billing.usage-limits.read,,70.02,Użycie i limity,Odczyt view modelu powierzchni Użycie i limity; nie tworzy osobnego CRUD poza przypadkiem użycia.,Artur Wiśniewski
billing.write,billing,command,POST,/api/v1/billing/write,/v1/billing/write,billing.write,BillingWriteRequest,BillingWriteResponse,25-kontrakty-domenowe-i-api/billing.md,approved-target,billing.write,,,,bazowa operacja zapisu domeny billing,Artur Wiśniewski
campaigns.attribution-sales.read,campaigns,query,GET,/api/v1/campaigns/atrybucja-i-sprzedaz,/v1/campaigns/atrybucja-i-sprzedaz,campaigns.read,CampaignsAttributionSalesReadRequest,CampaignsAttributionSalesReadResponse,25-kontrakty-domenowe-i-api/campaigns.md,approved-target,campaigns.attribution-sales.read,,31.04,Atrybucja i sprzedaż,Odczyt view modelu powierzchni Atrybucja i sprzedaż; nie tworzy osobnego CRUD poza przypadkiem użycia.,Artur Wiśniewski
campaigns.budget.change.propose,campaigns,command,POST,/api/v1/campaigns/budget/proposals,/v1/campaigns/budget/proposals,campaigns.write,CampaignsBudgetChangeProposeRequest,CampaignsBudgetChangeProposeResponse,25-kontrakty-domenowe-i-api/campaigns.md,approved-target,campaigns.budget.change.propose,,,,propozycja zmiany budżetu,Artur Wiśniewski
campaigns.budget.read,campaigns,query,GET,/api/v1/campaigns/budzet,/v1/campaigns/budzet,campaigns.read,CampaignsBudgetReadRequest,CampaignsBudgetReadResponse,25-kontrakty-domenowe-i-api/campaigns.md,approved-target,campaigns.budget.read,,31.05,Budżet,Odczyt view modelu powierzchni Budżet; nie tworzy osobnego CRUD poza przypadkiem użycia.,Artur Wiśniewski
campaigns.budget.recommendation.read,campaigns,query,GET,/api/v1/campaigns/budget/recommendation,/v1/campaigns/budget/recommendation,campaigns.read,CampaignsBudgetRecommendationReadRequest,CampaignsBudgetRecommendationReadResponse,25-kontrakty-domenowe-i-api/campaigns.md,approved-target,campaigns.budget.recommendation.read,,,,rekomendacja budżetowa,Artur Wiśniewski
campaigns.detail.read,campaigns,query,GET,/api/v1/campaigns/szczegoly-kampanii,/v1/campaigns/szczegoly-kampanii,campaigns.read,CampaignsDetailReadRequest,CampaignsDetailReadResponse,25-kontrakty-domenowe-i-api/campaigns.md,approved-target,campaigns.detail.read,,31.03,Szczegóły kampanii,Odczyt view modelu powierzchni Szczegóły kampanii; nie tworzy osobnego CRUD poza przypadkiem użycia.,Artur Wiśniewski
campaigns.diagnostics.read,campaigns,query,GET,/api/v1/campaigns/diagnostyka,/v1/campaigns/diagnostyka,campaigns.read,CampaignsDiagnosticsReadRequest,CampaignsDiagnosticsReadResponse,25-kontrakty-domenowe-i-api/campaigns.md,approved-target,campaigns.diagnostics.read,,31.06,Diagnostyka,Odczyt view modelu powierzchni Diagnostyka; nie tworzy osobnego CRUD poza przypadkiem użycia.,Artur Wiśniewski
campaigns.list.read,campaigns,query,GET,/api/v1/campaigns/lista-kampanii,/v1/campaigns/lista-kampanii,campaigns.read,CampaignsListReadRequest,CampaignsListReadResponse,25-kontrakty-domenowe-i-api/campaigns.md,approved-target,campaigns.list.read,,31.02,Lista kampanii,Odczyt view modelu powierzchni Lista kampanii; nie tworzy osobnego CRUD poza przypadkiem użycia.,Artur Wiśniewski
campaigns.overview.read,campaigns,query,GET,/api/v1/campaigns/przeglad,/v1/campaigns/przeglad,campaigns.read,CampaignsOverviewReadRequest,CampaignsOverviewReadResponse,25-kontrakty-domenowe-i-api/campaigns.md,approved-target,campaigns.overview.read,,31.01,Przegląd,Odczyt view modelu powierzchni Przegląd; nie tworzy osobnego CRUD poza przypadkiem użycia.,Artur Wiśniewski
campaigns.read,campaigns,query,GET,/api/v1/campaigns/read,/v1/campaigns/read,campaigns.read,CampaignsReadRequest,CampaignsReadResponse,25-kontrakty-domenowe-i-api/campaigns.md,approved-target,campaigns.read,,,,bazowy odczyt domeny campaigns,Artur Wiśniewski
campaigns.recommendations.read,campaigns,query,GET,/api/v1/campaigns/rekomendacje-kontekst-domenowy,/v1/campaigns/rekomendacje-kontekst-domenowy,campaigns.read,CampaignsRecommendationsReadRequest,CampaignsRecommendationsReadResponse,25-kontrakty-domenowe-i-api/campaigns.md,approved-target,campaigns.recommendations.read,,31.07,Rekomendacje — kontekst domenowy,Odczyt view modelu powierzchni Rekomendacje — kontekst domenowy; nie tworzy osobnego CRUD poza przypadkiem użycia.,Artur Wiśniewski
campaigns.write,campaigns,command,POST,/api/v1/campaigns/write,/v1/campaigns/write,campaigns.write,CampaignsWriteRequest,CampaignsWriteResponse,25-kontrakty-domenowe-i-api/campaigns.md,approved-target,campaigns.write,,,,bazowa operacja zapisu domeny campaigns,Artur Wiśniewski
command-center.ai-recommendations.read,command-center,query,GET,/api/v1/command-center/rekomendacje-ai-skrot,/v1/command-center/rekomendacje-ai-skrot,analytics.read,CommandCenterAiRecommendationsReadRequest,CommandCenterAiRecommendationsReadResponse,25-kontrakty-domenowe-i-api/command-center.md,approved-target,command-center.ai-recommendations.read,,30.11,Rekomendacje AI — skrót,Odczyt view modelu powierzchni Rekomendacje AI — skrót; nie tworzy osobnego CRUD poza przypadkiem użycia.,Artur Wiśniewski
command-center.attention.queue.read,command-center,query,GET,/api/v1/command-center/kolejka-uwagi,/v1/command-center/kolejka-uwagi,analytics.read,CommandCenterAttentionQueueReadRequest,CommandCenterAttentionQueueReadResponse,25-kontrakty-domenowe-i-api/command-center.md,approved-target,command-center.attention.queue.read,,30.02,Kolejka uwagi,Odczyt view modelu powierzchni Kolejka uwagi; nie tworzy osobnego CRUD poza przypadkiem użycia.,Artur Wiśniewski
command-center.customers-summary.read,command-center,query,GET,/api/v1/command-center/klienci,/v1/command-center/klienci,analytics.read,CommandCenterCustomersSummaryReadRequest,CommandCenterCustomersSummaryReadResponse,25-kontrakty-domenowe-i-api/command-center.md,approved-target,command-center.customers-summary.read,,30.09,Klienci,Odczyt view modelu powierzchni Klienci; nie tworzy osobnego CRUD poza przypadkiem użycia.,Artur Wiśniewski
command-center.drivers.read,command-center,query,GET,/api/v1/command-center/drivery-wyniku,/v1/command-center/drivery-wyniku,analytics.read,CommandCenterDriversReadRequest,CommandCenterDriversReadResponse,25-kontrakty-domenowe-i-api/command-center.md,approved-target,command-center.drivers.read,,30.05,Drivery wyniku,Odczyt view modelu powierzchni Drivery wyniku; nie tworzy osobnego CRUD poza przypadkiem użycia.,Artur Wiśniewski
command-center.funnel.read,command-center,query,GET,/api/v1/command-center/lejek,/v1/command-center/lejek,analytics.read,CommandCenterFunnelReadRequest,CommandCenterFunnelReadResponse,25-kontrakty-domenowe-i-api/command-center.md,approved-target,command-center.funnel.read,,30.10,Lejek,Odczyt view modelu powierzchni Lejek; nie tworzy osobnego CRUD poza przypadkiem użycia.,Artur Wiśniewski
command-center.kpi.read,command-center,query,GET,/api/v1/command-center/kpi,/v1/command-center/kpi,analytics.read,CommandCenterKpiReadRequest,CommandCenterKpiReadResponse,25-kontrakty-domenowe-i-api/command-center.md,approved-target,command-center.kpi.read,,30.03,KPI,Odczyt view modelu powierzchni KPI; nie tworzy osobnego CRUD poza przypadkiem użycia.,Artur Wiśniewski
command-center.overview.read,command-center,query,GET,/api/v1/command-center/widok-glowny,/v1/command-center/widok-glowny,analytics.read,CommandCenterOverviewReadRequest,CommandCenterOverviewReadResponse,25-kontrakty-domenowe-i-api/command-center.md,approved-target,command-center.overview.read,,30.01,Widok główny,Odczyt view modelu powierzchni Widok główny; nie tworzy osobnego CRUD poza przypadkiem użycia.,Artur Wiśniewski
command-center.plan-performance.read,command-center,query,GET,/api/v1/command-center/plan-vs-wynik,/v1/command-center/plan-vs-wynik,analytics.read,CommandCenterPlanPerformanceReadRequest,CommandCenterPlanPerformanceReadResponse,25-kontrakty-domenowe-i-api/command-center.md,approved-target,command-center.plan-performance.read,,30.04,Plan vs wynik,Odczyt view modelu powierzchni Plan vs wynik; nie tworzy osobnego CRUD poza przypadkiem użycia.,Artur Wiśniewski
command-center.products-summary.read,command-center,query,GET,/api/v1/command-center/produkty,/v1/command-center/produkty,analytics.read,CommandCenterProductsSummaryReadRequest,CommandCenterProductsSummaryReadResponse,25-kontrakty-domenowe-i-api/command-center.md,approved-target,command-center.products-summary.read,,30.08,Produkty,Odczyt view modelu powierzchni Produkty; nie tworzy osobnego CRUD poza przypadkiem użycia.,Artur Wiśniewski
command-center.read,command-center,query,GET,/api/v1/command-center/read,/v1/command-center/read,command-center.read,CommandCenterReadRequest,CommandCenterReadResponse,25-kontrakty-domenowe-i-api/command-center.md,approved-target,command-center.read,,,,bazowy odczyt domeny command-center,Artur Wiśniewski
command-center.sales-signals.read,command-center,query,GET,/api/v1/command-center/sygnaly-sprzedazowe,/v1/command-center/sygnaly-sprzedazowe,analytics.read,CommandCenterSalesSignalsReadRequest,CommandCenterSalesSignalsReadResponse,25-kontrakty-domenowe-i-api/command-center.md,approved-target,command-center.sales-signals.read,,30.12,Sygnały sprzedażowe,Odczyt view modelu powierzchni Sygnały sprzedażowe; nie tworzy osobnego CRUD poza przypadkiem użycia.,Artur Wiśniewski
command-center.sales-sources.read,command-center,query,GET,/api/v1/command-center/zrodla-sprzedazy,/v1/command-center/zrodla-sprzedazy,analytics.read,CommandCenterSalesSourcesReadRequest,CommandCenterSalesSourcesReadResponse,25-kontrakty-domenowe-i-api/command-center.md,approved-target,command-center.sales-sources.read,,30.06,Źródła sprzedaży,Odczyt view modelu powierzchni Źródła sprzedaży; nie tworzy osobnego CRUD poza przypadkiem użycia.,Artur Wiśniewski
command-center.traffic-summary.read,command-center,query,GET,/api/v1/command-center/ruch,/v1/command-center/ruch,analytics.read,CommandCenterTrafficSummaryReadRequest,CommandCenterTrafficSummaryReadResponse,25-kontrakty-domenowe-i-api/command-center.md,approved-target,command-center.traffic-summary.read,,30.07,Ruch,Odczyt view modelu powierzchni Ruch; nie tworzy osobnego CRUD poza przypadkiem użycia.,Artur Wiśniewski
command-center.waterfall.read,command-center,query,GET,/api/v1/command-center/waterfall,/v1/command-center/waterfall,analytics.read,CommandCenterWaterfallReadRequest,CommandCenterWaterfallReadResponse,25-kontrakty-domenowe-i-api/command-center.md,approved-target,command-center.waterfall.read,,30.13,Waterfall,Odczyt view modelu powierzchni Waterfall; nie tworzy osobnego CRUD poza przypadkiem użycia.,Artur Wiśniewski
command-center.write,command-center,command,POST,/api/v1/command-center/write,/v1/command-center/write,command-center.write,CommandCenterWriteRequest,CommandCenterWriteResponse,25-kontrakty-domenowe-i-api/command-center.md,approved-target,command-center.write,,,,bazowa operacja zapisu domeny command-center,Artur Wiśniewski
company.draft.update,company,command,PUT,/api/v1/company/draft,/v1/company/draft,company.write,CompanyDraftUpdateRequest,CompanyDraftUpdateResponse,25-kontrakty-domenowe-i-api/company.md,approved-target,company.draft.update,,,,aktualizacja szkicu firmy,Artur Wiśniewski
company.lookup,company,query,GET,/api/v1/company/lookup,/v1/company/lookup,company.read,CompanyLookupRequest,CompanyLookupResponse,25-kontrakty-domenowe-i-api/company.md,approved-target,company.lookup,,,,wyszukanie firmy,Artur Wiśniewski
customers.cohorts.read,customers,query,GET,/api/v1/customers/kohorty,/v1/customers/kohorty,customers.read,CustomersCohortsReadRequest,CustomersCohortsReadResponse,25-kontrakty-domenowe-i-api/customers.md,approved-target,customers.cohorts.read,,34.03,Kohorty,Odczyt view modelu powierzchni Kohorty; nie tworzy osobnego CRUD poza przypadkiem użycia.,Artur Wiśniewski
customers.identity-conflicts.read,customers,query,GET,/api/v1/customers/konflikty-tozsamosci,/v1/customers/konflikty-tozsamosci,customers.read,CustomersIdentityConflictsReadRequest,CustomersIdentityConflictsReadResponse,25-kontrakty-domenowe-i-api/customers.md,approved-target,customers.identity-conflicts.read,,34.05,Konflikty tożsamości,Odczyt view modelu powierzchni Konflikty tożsamości; nie tworzy osobnego CRUD poza przypadkiem użycia.,Artur Wiśniewski
customers.impact.read,customers,query,GET,/api/v1/customers/analiza-wplywu,/v1/customers/analiza-wplywu,customers.read,CustomersImpactReadRequest,CustomersImpactReadResponse,25-kontrakty-domenowe-i-api/customers.md,approved-target,customers.impact.read,,34.07,Analiza wpływu,Odczyt view modelu powierzchni Analiza wpływu; nie tworzy osobnego CRUD poza przypadkiem użycia.,Artur Wiśniewski
customers.overview.read,customers,query,GET,/api/v1/customers/przeglad,/v1/customers/przeglad,customers.read,CustomersOverviewReadRequest,CustomersOverviewReadResponse,25-kontrakty-domenowe-i-api/customers.md,approved-target,customers.overview.read,,34.01,Przegląd,Odczyt view modelu powierzchni Przegląd; nie tworzy osobnego CRUD poza przypadkiem użycia.,Artur Wiśniewski
customers.privacy.read,customers,query,GET,/api/v1/customers/prywatnosc,/v1/customers/prywatnosc,customers.read,CustomersPrivacyReadRequest,CustomersPrivacyReadResponse,25-kontrakty-domenowe-i-api/customers.md,approved-target,customers.privacy.read,,34.06,Prywatność,Odczyt view modelu powierzchni Prywatność; nie tworzy osobnego CRUD poza przypadkiem użycia.,Artur Wiśniewski
customers.pseudonymized-detail.read,customers,query,GET,/api/v1/customers/szczegoly-pseudonimizowane,/v1/customers/szczegoly-pseudonimizowane,customers.read,CustomersPseudonymizedDetailReadRequest,CustomersPseudonymizedDetailReadResponse,25-kontrakty-domenowe-i-api/customers.md,approved-target,customers.pseudonymized-detail.read,,34.04,Szczegóły pseudonimizowane,Odczyt view modelu powierzchni Szczegóły pseudonimizowane; nie tworzy osobnego CRUD poza przypadkiem użycia.,Artur Wiśniewski
customers.read,customers,query,GET,/api/v1/customers/read,/v1/customers/read,customers.read,CustomersReadRequest,CustomersReadResponse,25-kontrakty-domenowe-i-api/customers.md,approved-target,customers.read,,,,bazowy odczyt domeny customers,Artur Wiśniewski
customers.segment.analyze,customers,query,GET,/api/v1/customers/segment/analyze,/v1/customers/segment/analyze,customers.read,CustomersSegmentAnalyzeRequest,CustomersSegmentAnalyzeResponse,25-kontrakty-domenowe-i-api/customers.md,approved-target,customers.segment.analyze,,,,analiza segmentu,Artur Wiśniewski
customers.segments.read,customers,query,GET,/api/v1/customers/segmenty,/v1/customers/segmenty,customers.read,CustomersSegmentsReadRequest,CustomersSegmentsReadResponse,25-kontrakty-domenowe-i-api/customers.md,approved-target,customers.segments.read,,34.02,Segmenty,Odczyt view modelu powierzchni Segmenty; nie tworzy osobnego CRUD poza przypadkiem użycia.,Artur Wiśniewski
customers.write,customers,command,POST,/api/v1/customers/write,/v1/customers/write,customers.write,CustomersWriteRequest,CustomersWriteResponse,25-kontrakty-domenowe-i-api/customers.md,approved-target,customers.write,,,,bazowa operacja zapisu domeny customers,Artur Wiśniewski
data-quality.center.read,data-quality,query,GET,/api/v1/data-quality/centrum-jakosci,/v1/data-quality/centrum-jakosci,data-quality.read,DataQualityCenterReadRequest,DataQualityCenterReadResponse,25-kontrakty-domenowe-i-api/data-quality.md,approved-target,data-quality.center.read,,41.01,Centrum jakości,Odczyt view modelu powierzchni Centrum jakości; nie tworzy osobnego CRUD poza przypadkiem użycia.,Artur Wiśniewski
data-quality.conflicts.read,data-quality,query,GET,/api/v1/data-quality/konflikty,/v1/data-quality/konflikty,data-quality.read,DataQualityConflictsReadRequest,DataQualityConflictsReadResponse,25-kontrakty-domenowe-i-api/data-quality.md,approved-target,data-quality.conflicts.read,,41.06,Konflikty,Odczyt view modelu powierzchni Konflikty; nie tworzy osobnego CRUD poza przypadkiem użycia.,Artur Wiśniewski
data-quality.dataset.read,data-quality,query,GET,/api/v1/data-quality/zbior-danych,/v1/data-quality/zbior-danych,data-quality.read,DataQualityDatasetReadRequest,DataQualityDatasetReadResponse,25-kontrakty-domenowe-i-api/data-quality.md,approved-target,data-quality.dataset.read,,41.02,Zbiór danych,Odczyt view modelu powierzchni Zbiór danych; nie tworzy osobnego CRUD poza przypadkiem użycia.,Artur Wiśniewski
data-quality.lineage.read,data-quality,query,GET,/api/v1/data-quality/pochodzenie-danych,/v1/data-quality/pochodzenie-danych,data-quality.read,DataQualityLineageReadRequest,DataQualityLineageReadResponse,25-kontrakty-domenowe-i-api/data-quality.md,approved-target,data-quality.lineage.read,,41.03,Pochodzenie danych,Odczyt view modelu powierzchni Pochodzenie danych; nie tworzy osobnego CRUD poza przypadkiem użycia.,Artur Wiśniewski
data-quality.manual-review.read,data-quality,query,GET,/api/v1/data-quality/przeglad-reczny,/v1/data-quality/przeglad-reczny,data-quality.read,DataQualityManualReviewReadRequest,DataQualityManualReviewReadResponse,25-kontrakty-domenowe-i-api/data-quality.md,approved-target,data-quality.manual-review.read,,41.07,Przegląd ręczny,Odczyt view modelu powierzchni Przegląd ręczny; nie tworzy osobnego CRUD poza przypadkiem użycia.,Artur Wiśniewski
data-quality.manual-review.submit,data-quality,command,POST,/api/v1/data-quality/manual-review,/v1/data-quality/manual-review,data-quality.write,DataQualityManualReviewSubmitRequest,DataQualityManualReviewSubmitResponse,25-kontrakty-domenowe-i-api/data-quality.md,approved-target,data-quality.manual-review.submit,,,,zatwierdzenie przeglądu ręcznego,Artur Wiśniewski
data-quality.read,data-quality,query,GET,/api/v1/data-quality/read,/v1/data-quality/read,data-quality.read,DataQualityReadRequest,DataQualityReadResponse,25-kontrakty-domenowe-i-api/data-quality.md,approved-target,data-quality.read,,,,bazowy odczyt domeny data-quality,Artur Wiśniewski
data-quality.readiness.read,data-quality,query,GET,/api/v1/data-quality/readiness,/v1/data-quality/readiness,data-quality.read,DataQualityReadinessReadRequest,DataQualityReadinessReadResponse,25-kontrakty-domenowe-i-api/data-quality.md,approved-target,data-quality.readiness.read,,,,odczyt readiness danych,Artur Wiśniewski
data-quality.reconciliation.confirm,data-quality,command,POST,/api/v1/data-quality/reconciliation/confirm,/v1/data-quality/reconciliation/confirm,data-quality.write,DataQualityReconciliationConfirmRequest,DataQualityReconciliationConfirmResponse,25-kontrakty-domenowe-i-api/data-quality.md,approved-target,data-quality.reconciliation.confirm,,,,potwierdzenie rekoncyliacji,Artur Wiśniewski
data-quality.reconciliation.read,data-quality,query,GET,/api/v1/data-quality/rekoncyliacja,/v1/data-quality/rekoncyliacja,data-quality.read,DataQualityReconciliationReadRequest,DataQualityReconciliationReadResponse,25-kontrakty-domenowe-i-api/data-quality.md,approved-target,data-quality.reconciliation.read,,41.09,Rekoncyliacja,Odczyt view modelu powierzchni Rekoncyliacja; nie tworzy osobnego CRUD poza przypadkiem użycia.,Artur Wiśniewski
data-quality.reprocess.start,data-quality,command,POST,/api/v1/data-quality/reprocess,/v1/data-quality/reprocess,data-quality.write,DataQualityReprocessStartRequest,DataQualityReprocessStartResponse,25-kontrakty-domenowe-i-api/data-quality.md,approved-target,data-quality.reprocess.start,,,,ponowne przetwarzanie danych,Artur Wiśniewski
data-quality.reprocessing.read,data-quality,query,GET,/api/v1/data-quality/ponowne-przetwarzanie,/v1/data-quality/ponowne-przetwarzanie,data-quality.read,DataQualityReprocessingReadRequest,DataQualityReprocessingReadResponse,25-kontrakty-domenowe-i-api/data-quality.md,approved-target,data-quality.reprocessing.read,,41.08,Ponowne przetwarzanie,Odczyt view modelu powierzchni Ponowne przetwarzanie; nie tworzy osobnego CRUD poza przypadkiem użycia.,Artur Wiśniewski
data-quality.source-overlap.read,data-quality,query,GET,/api/v1/data-quality/nakladanie-zrodel,/v1/data-quality/nakladanie-zrodel,data-quality.read,DataQualitySourceOverlapReadRequest,DataQualitySourceOverlapReadResponse,25-kontrakty-domenowe-i-api/data-quality.md,approved-target,data-quality.source-overlap.read,,41.04,Nakładanie źródeł,Odczyt view modelu powierzchni Nakładanie źródeł; nie tworzy osobnego CRUD poza przypadkiem użycia.,Artur Wiśniewski
data-quality.source-priority.read,data-quality,query,GET,/api/v1/data-quality/nadrzednosc-zrodla,/v1/data-quality/nadrzednosc-zrodla,data-quality.read,DataQualitySourcePriorityReadRequest,DataQualitySourcePriorityReadResponse,25-kontrakty-domenowe-i-api/data-quality.md,approved-target,data-quality.source-priority.read,,41.05,Nadrzędność źródła,Odczyt view modelu powierzchni Nadrzędność źródła; nie tworzy osobnego CRUD poza przypadkiem użycia.,Artur Wiśniewski
data-quality.write,data-quality,command,POST,/api/v1/data-quality/write,/v1/data-quality/write,data-quality.write,DataQualityWriteRequest,DataQualityWriteResponse,25-kontrakty-domenowe-i-api/data-quality.md,approved-target,data-quality.write,,,,bazowa operacja zapisu domeny data-quality,Artur Wiśniewski
decisions.action-brief.read,decisions,query,GET,/api/v1/decisions/brief-dzialania,/v1/decisions/brief-dzialania,decisions.read,DecisionsActionBriefReadRequest,DecisionsActionBriefReadResponse,25-kontrakty-domenowe-i-api/decisions.md,approved-target,decisions.action-brief.read,,80.05,Brief działania,Odczyt view modelu powierzchni Brief działania; nie tworzy osobnego CRUD poza przypadkiem użycia.,Artur Wiśniewski
decisions.action-detail.read,decisions,query,GET,/api/v1/decisions/szczegoly-dzialania,/v1/decisions/szczegoly-dzialania,decisions.read,DecisionsActionDetailReadRequest,DecisionsActionDetailReadResponse,25-kontrakty-domenowe-i-api/decisions.md,approved-target,decisions.action-detail.read,,80.06,Szczegóły działania,Odczyt view modelu powierzchni Szczegóły działania; nie tworzy osobnego CRUD poza przypadkiem użycia.,Artur Wiśniewski
decisions.action-library.read,decisions,query,GET,/api/v1/decisions/biblioteka-dzialan,/v1/decisions/biblioteka-dzialan,decisions.read,DecisionsActionLibraryReadRequest,DecisionsActionLibraryReadResponse,25-kontrakty-domenowe-i-api/decisions.md,approved-target,decisions.action-library.read,,80.08,Biblioteka działań,Odczyt view modelu powierzchni Biblioteka działań; nie tworzy osobnego CRUD poza przypadkiem użycia.,Artur Wiśniewski
decisions.action.brief.create,decisions,command,POST,/api/v1/decisions/action-brief,/v1/decisions/action-brief,decisions.write,DecisionsActionBriefCreateRequest,DecisionsActionBriefCreateResponse,25-kontrakty-domenowe-i-api/decisions.md,approved-target,decisions.action.brief.create,,,,utworzenie briefu działania,Artur Wiśniewski
decisions.center.read,decisions,query,GET,/api/v1/decisions/centrum-decyzji,/v1/decisions/centrum-decyzji,decisions.read,DecisionsCenterReadRequest,DecisionsCenterReadResponse,25-kontrakty-domenowe-i-api/decisions.md,approved-target,decisions.center.read,,80.01,Centrum decyzji,Odczyt view modelu powierzchni Centrum decyzji; nie tworzy osobnego CRUD poza przypadkiem użycia.,Artur Wiśniewski
decisions.decision.record,decisions,command,POST,/api/v1/decisions/registry,/v1/decisions/registry,decisions.write,DecisionsDecisionRecordRequest,DecisionsDecisionRecordResponse,25-kontrakty-domenowe-i-api/decisions.md,approved-target,decisions.decision.record,,,,zapis decyzji,Artur Wiśniewski
decisions.measurement.read,decisions,query,GET,/api/v1/decisions/pomiar,/v1/decisions/pomiar,decisions.read,DecisionsMeasurementReadRequest,DecisionsMeasurementReadResponse,25-kontrakty-domenowe-i-api/decisions.md,approved-target,decisions.measurement.read,,80.07,Pomiar,Odczyt view modelu powierzchni Pomiar; nie tworzy osobnego CRUD poza przypadkiem użycia.,Artur Wiśniewski
decisions.observation.create,decisions,command,POST,/api/v1/decisions/observations,/v1/decisions/observations,decisions.write,DecisionsObservationCreateRequest,DecisionsObservationCreateResponse,25-kontrakty-domenowe-i-api/decisions.md,approved-target,decisions.observation.create,,,,utworzenie obserwacji,Artur Wiśniewski
decisions.observations.read,decisions,query,GET,/api/v1/decisions/obserwacje,/v1/decisions/obserwacje,decisions.read,DecisionsObservationsReadRequest,DecisionsObservationsReadResponse,25-kontrakty-domenowe-i-api/decisions.md,approved-target,decisions.observations.read,,80.02,Obserwacje,Odczyt view modelu powierzchni Obserwacje; nie tworzy osobnego CRUD poza przypadkiem użycia.,Artur Wiśniewski
decisions.recommendation.read,decisions,query,GET,/api/v1/decisions/recommendation,/v1/decisions/recommendation,decisions.read,DecisionsRecommendationReadRequest,DecisionsRecommendationReadResponse,25-kontrakty-domenowe-i-api/decisions.md,approved-target,decisions.recommendation.read,,,,odczyt rekomendacji,Artur Wiśniewski
decisions.registry.read,decisions,query,GET,/api/v1/decisions/rejestr-decyzji,/v1/decisions/rejestr-decyzji,decisions.read,DecisionsRegistryReadRequest,DecisionsRegistryReadResponse,25-kontrakty-domenowe-i-api/decisions.md,approved-target,decisions.registry.read,,80.04,Rejestr decyzji,Odczyt view modelu powierzchni Rejestr decyzji; nie tworzy osobnego CRUD poza przypadkiem użycia.,Artur Wiśniewski
decisions.rekomendacje.read,decisions,query,GET,/api/v1/decisions/rekomendacje,/v1/decisions/rekomendacje,decisions.read,DecisionsRekomendacjeReadRequest,DecisionsRekomendacjeReadResponse,25-kontrakty-domenowe-i-api/decisions.md,approved-target,decisions.rekomendacje.read,,80.03,Rekomendacje,Odczyt view modelu powierzchni Rekomendacje; nie tworzy osobnego CRUD poza przypadkiem użycia.,Artur Wiśniewski
decisions.relations.read,decisions,query,GET,/api/v1/decisions/powiazania-z-modulami-i-sprawami,/v1/decisions/powiazania-z-modulami-i-sprawami,decisions.read,DecisionsRelationsReadRequest,DecisionsRelationsReadResponse,25-kontrakty-domenowe-i-api/decisions.md,approved-target,decisions.relations.read,,80.09,Powiązania z modułami i sprawami,Odczyt view modelu powierzchni Powiązania z modułami i sprawami; nie tworzy osobnego CRUD poza przypadkiem użycia.,Artur Wiśniewski
help.home.read,help,query,GET,/api/v1/help/strona-glowna-pomocy,/v1/help/strona-glowna-pomocy,help.read,HelpHomeReadRequest,HelpHomeReadResponse,25-kontrakty-domenowe-i-api/help.md,approved-target,help.home.read,,85.01,Strona główna pomocy,Odczyt view modelu powierzchni Strona główna pomocy; nie tworzy osobnego CRUD poza przypadkiem użycia.,Artur Wiśniewski
help.procedure-detail.read,help,query,GET,/api/v1/help/szczegoly-procedury,/v1/help/szczegoly-procedury,help.read,HelpProcedureDetailReadRequest,HelpProcedureDetailReadResponse,25-kontrakty-domenowe-i-api/help.md,approved-target,help.procedure-detail.read,,85.04,Szczegóły procedury,Odczyt view modelu powierzchni Szczegóły procedury; nie tworzy osobnego CRUD poza przypadkiem użycia.,Artur Wiśniewski
help.procedures.read,help,query,GET,/api/v1/help/procedury,/v1/help/procedury,help.read,HelpProceduresReadRequest,HelpProceduresReadResponse,25-kontrakty-domenowe-i-api/help.md,approved-target,help.procedures.read,,85.02,Procedury,Odczyt view modelu powierzchni Procedury; nie tworzy osobnego CRUD poza przypadkiem użycia.,Artur Wiśniewski
help.read,help,query,GET,/api/v1/help/read,/v1/help/read,help.read,HelpReadRequest,HelpReadResponse,25-kontrakty-domenowe-i-api/help.md,approved-target,help.read,,,,bazowy odczyt domeny help,Artur Wiśniewski
help.results.read,help,query,GET,/api/v1/help/lista-wynikow,/v1/help/lista-wynikow,help.read,HelpResultsReadRequest,HelpResultsReadResponse,25-kontrakty-domenowe-i-api/help.md,approved-target,help.results.read,,85.03,Lista wyników,Odczyt view modelu powierzchni Lista wyników; nie tworzy osobnego CRUD poza przypadkiem użycia.,Artur Wiśniewski
help.support-request.read,help,query,GET,/api/v1/help/zgloszenie-wsparcia,/v1/help/zgloszenie-wsparcia,help.read,HelpSupportRequestReadRequest,HelpSupportRequestReadResponse,25-kontrakty-domenowe-i-api/help.md,approved-target,help.support-request.read,,85.05,Zgłoszenie wsparcia,Odczyt view modelu powierzchni Zgłoszenie wsparcia; nie tworzy osobnego CRUD poza przypadkiem użycia.,Artur Wiśniewski
help.write,help,command,POST,/api/v1/help/write,/v1/help/write,help.write,HelpWriteRequest,HelpWriteResponse,25-kontrakty-domenowe-i-api/help.md,approved-target,help.write,,,,bazowa operacja zapisu domeny help,Artur Wiśniewski
integrations.catalog.read,integrations,query,GET,/api/v1/integrations/katalog-integracji,/v1/integrations/katalog-integracji,integrations.read,IntegrationsCatalogReadRequest,IntegrationsCatalogReadResponse,25-kontrakty-domenowe-i-api/integrations.md,approved-target,integrations.catalog.read,,40.01,Katalog integracji,Odczyt view modelu powierzchni Katalog integracji; nie tworzy osobnego CRUD poza przypadkiem użycia.,Artur Wiśniewski
integrations.connection-wizard.read,integrations,query,GET,/api/v1/integrations/kreator-polaczenia,/v1/integrations/kreator-polaczenia,integrations.read,IntegrationsConnectionWizardReadRequest,IntegrationsConnectionWizardReadResponse,25-kontrakty-domenowe-i-api/integrations.md,approved-target,integrations.connection-wizard.read,,40.02,Kreator połączenia,Odczyt view modelu powierzchni Kreator połączenia; nie tworzy osobnego CRUD poza przypadkiem użycia.,Artur Wiśniewski
integrations.connection.create,integrations,command,POST,/api/v1/integrations/connections,/v1/integrations/connections,integrations.write,IntegrationsConnectionCreateRequest,IntegrationsConnectionCreateResponse,25-kontrakty-domenowe-i-api/integrations.md,approved-target,integrations.connection.create,,,,utworzenie połączenia integracji,Artur Wiśniewski
integrations.detail.read,integrations,query,GET,/api/v1/integrations/szczegoly-integracji,/v1/integrations/szczegoly-integracji,integrations.read,IntegrationsDetailReadRequest,IntegrationsDetailReadResponse,25-kontrakty-domenowe-i-api/integrations.md,approved-target,integrations.detail.read,,40.03,Szczegóły integracji,Odczyt view modelu powierzchni Szczegóły integracji; nie tworzy osobnego CRUD poza przypadkiem użycia.,Artur Wiśniewski
integrations.disconnect.read,integrations,query,GET,/api/v1/integrations/odlaczenie,/v1/integrations/odlaczenie,integrations.read,IntegrationsDisconnectReadRequest,IntegrationsDisconnectReadResponse,25-kontrakty-domenowe-i-api/integrations.md,approved-target,integrations.disconnect.read,,40.08,Odłączenie,Odczyt view modelu powierzchni Odłączenie; nie tworzy osobnego CRUD poza przypadkiem użycia.,Artur Wiśniewski
integrations.oauth.callback,integrations,callback,POST,/api/v1/integrations/oauth/callback,/v1/integrations/oauth/callback,integrations.write,IntegrationsOauthCallbackRequest,IntegrationsOauthCallbackResponse,25-kontrakty-domenowe-i-api/integrations.md,approved-target,integrations.oauth.callback,,,,callback integracji OAuth,Artur Wiśniewski
integrations.provider-outage.read,integrations,query,GET,/api/v1/integrations/awaria-providera,/v1/integrations/awaria-providera,integrations.read,IntegrationsProviderOutageReadRequest,IntegrationsProviderOutageReadResponse,25-kontrakty-domenowe-i-api/integrations.md,approved-target,integrations.provider-outage.read,,40.09,Awaria providera,Odczyt view modelu powierzchni Awaria providera; nie tworzy osobnego CRUD poza przypadkiem użycia.,Artur Wiśniewski
integrations.read,integrations,query,GET,/api/v1/integrations/read,/v1/integrations/read,integrations.read,IntegrationsReadRequest,IntegrationsReadResponse,25-kontrakty-domenowe-i-api/integrations.md,approved-target,integrations.read,,,,bazowy odczyt domeny integrations,Artur Wiśniewski
integrations.reconnect.read,integrations,query,GET,/api/v1/integrations/ponowne-polaczenie,/v1/integrations/ponowne-polaczenie,integrations.read,IntegrationsReconnectReadRequest,IntegrationsReconnectReadResponse,25-kontrakty-domenowe-i-api/integrations.md,approved-target,integrations.reconnect.read,,40.07,Ponowne połączenie,Odczyt view modelu powierzchni Ponowne połączenie; nie tworzy osobnego CRUD poza przypadkiem użycia.,Artur Wiśniewski
integrations.reconnect.start,integrations,command,POST,/api/v1/integrations/reconnect/start,/v1/integrations/reconnect/start,integrations.write,IntegrationsReconnectStartRequest,IntegrationsReconnectStartResponse,25-kontrakty-domenowe-i-api/integrations.md,approved-target,integrations.reconnect.start,,,,ponowne połączenie integracji,Artur Wiśniewski
integrations.sync-history.read,integrations,query,GET,/api/v1/integrations/historia-synchronizacji,/v1/integrations/historia-synchronizacji,integrations.read,IntegrationsSyncHistoryReadRequest,IntegrationsSyncHistoryReadResponse,25-kontrakty-domenowe-i-api/integrations.md,approved-target,integrations.sync-history.read,,40.04,Historia synchronizacji,Odczyt view modelu powierzchni Historia synchronizacji; nie tworzy osobnego CRUD poza przypadkiem użycia.,Artur Wiśniewski
integrations.sync-run.read,integrations,query,GET,/api/v1/integrations/przebieg-synchronizacji,/v1/integrations/przebieg-synchronizacji,integrations.read,IntegrationsSyncRunReadRequest,IntegrationsSyncRunReadResponse,25-kontrakty-domenowe-i-api/integrations.md,approved-target,integrations.sync-run.read,,40.05,Przebieg synchronizacji,Odczyt view modelu powierzchni Przebieg synchronizacji; nie tworzy osobnego CRUD poza przypadkiem użycia.,Artur Wiśniewski
integrations.sync-scope.read,integrations,query,GET,/api/v1/integrations/zakres-synchronizacji,/v1/integrations/zakres-synchronizacji,integrations.read,IntegrationsSyncScopeReadRequest,IntegrationsSyncScopeReadResponse,25-kontrakty-domenowe-i-api/integrations.md,approved-target,integrations.sync-scope.read,,40.06,Zakres synchronizacji,Odczyt view modelu powierzchni Zakres synchronizacji; nie tworzy osobnego CRUD poza przypadkiem użycia.,Artur Wiśniewski
integrations.sync.resume,integrations,command,POST,/api/v1/integrations/sync/resume,/v1/integrations/sync/resume,integrations.write,IntegrationsSyncResumeRequest,IntegrationsSyncResumeResponse,25-kontrakty-domenowe-i-api/integrations.md,approved-target,integrations.sync.resume,,,,wznowienie synchronizacji,Artur Wiśniewski
integrations.sync.start,integrations,command,POST,/api/v1/integrations/sync/start,/v1/integrations/sync/start,integrations.write,IntegrationsSyncStartRequest,IntegrationsSyncStartResponse,25-kontrakty-domenowe-i-api/integrations.md,approved-target,integrations.sync.start,,,,uruchomienie synchronizacji,Artur Wiśniewski
integrations.write,integrations,command,POST,/api/v1/integrations/write,/v1/integrations/write,integrations.write,IntegrationsWriteRequest,IntegrationsWriteResponse,25-kontrakty-domenowe-i-api/integrations.md,approved-target,integrations.write,,,,bazowa operacja zapisu domeny integrations,Artur Wiśniewski
invitation.accept,auth,command,POST,/api/v1/auth/invitations/accept,/v1/auth/invitations/accept,auth.write,InvitationAcceptRequest,InvitationAcceptResponse,25-kontrakty-domenowe-i-api/identity-auth-api.md,approved-target,invitation.accept,,,,akceptacja zaproszenia,Artur Wiśniewski
invitation.read,invitation,query,GET,/api/v1/invitation/read,/v1/invitation/read,invitation.read,InvitationReadRequest,InvitationReadResponse,25-kontrakty-domenowe-i-api/identity-auth-api.md,approved-target,invitation.read,,,,odczyt zaproszenia przed decyzją,Artur Wiśniewski
invitation.reject,invitation,command,POST,/api/v1/invitation/reject,/v1/invitation/reject,invitation.write,InvitationRejectRequest,InvitationRejectResponse,25-kontrakty-domenowe-i-api/identity-auth-api.md,approved-target,invitation.reject,,,,odrzucenie zaproszenia,Artur Wiśniewski
invitation.request,invitation,command,POST,/api/v1/auth/invitations/request,/v1/auth/invitations/request,auth.write,InvitationRequestRequest,InvitationRequestResponse,25-kontrakty-domenowe-i-api/identity-auth-api.md,approved-target,invitation.request,,,,Wysłanie bezpiecznej prośby o zaproszenie do istniejącej firmy,Artur Wiśniewski
invitation.validate,auth,command,POST,/api/v1/auth/invitations/validate,/v1/auth/invitations/validate,auth.read,InvitationValidateRequest,InvitationValidateResponse,25-kontrakty-domenowe-i-api/identity-auth-api.md,approved-target,invitation.validate,,,,walidacja tokenu zaproszenia,Artur Wiśniewski
mobile.device.manage,mobile,command,POST,/api/v1/mobile/device/manage,/v1/mobile/device/manage,mobile.write,MobileDeviceManageRequest,MobileDeviceManageResponse,24-aplikacja-mobilna/06-openapi.md,approved-target,mobile.device.manage,,,,zarządzanie sparowanym urządzeniem mobilnym,Artur Wiśniewski
mobile.invite,mobile,command,POST,/api/v1/mobile/invite,/v1/mobile/invite,mobile.write,MobileInviteRequest,MobileInviteResponse,24-aplikacja-mobilna/06-openapi.md,approved-target,mobile.invite,,,,zaproszenie użytkownika do aplikacji mobilnej,Artur Wiśniewski
mobile.use,mobile,query,GET,/api/v1/mobile/use,/v1/mobile/use,mobile.read,MobileUseRequest,MobileUseResponse,24-aplikacja-mobilna/06-openapi.md,approved-target,mobile.use,,,,użycie aplikacji mobilnej i status urządzenia,Artur Wiśniewski
onboarding.profile.update,onboarding,command,PUT,/api/v1/onboarding/profile,/v1/onboarding/profile,workspace.write,OnboardingProfileUpdateRequest,OnboardingProfileUpdateResponse,25-kontrakty-domenowe-i-api/onboarding.md,approved-target,onboarding.profile.update,,,,profil działalności,Artur Wiśniewski
onboarding.progress.read,onboarding,query,GET,/api/v1/onboarding/progress,/v1/onboarding/progress,workspace.read,OnboardingProgressReadRequest,OnboardingProgressReadResponse,25-kontrakty-domenowe-i-api/onboarding.md,approved-target,onboarding.progress.read,,,,postęp onboardingu,Artur Wiśniewski
orders.detail.read,orders,query,GET,/api/v1/orders/szczegoly,/v1/orders/szczegoly,orders.read,OrdersDetailReadRequest,OrdersDetailReadResponse,25-kontrakty-domenowe-i-api/orders.md,approved-target,orders.detail.read,,32.03,Szczegóły,Odczyt view modelu powierzchni Szczegóły; nie tworzy osobnego CRUD poza przypadkiem użycia.,Artur Wiśniewski
orders.eksport.read,orders,query,GET,/api/v1/orders/eksport,/v1/orders/eksport,orders.read,OrdersEksportReadRequest,OrdersEksportReadResponse,25-kontrakty-domenowe-i-api/orders.md,approved-target,orders.eksport.read,,32.07,Eksport,Odczyt view modelu powierzchni Eksport; nie tworzy osobnego CRUD poza przypadkiem użycia.,Artur Wiśniewski
orders.list.read,orders,query,GET,/api/v1/orders/lista,/v1/orders/lista,orders.read,OrdersListReadRequest,OrdersListReadResponse,25-kontrakty-domenowe-i-api/orders.md,approved-target,orders.list.read,,32.02,Lista,Odczyt view modelu powierzchni Lista; nie tworzy osobnego CRUD poza przypadkiem użycia.,Artur Wiśniewski
orders.os-zdarzen.read,orders,query,GET,/api/v1/orders/os-zdarzen,/v1/orders/os-zdarzen,orders.read,OrdersOsZdarzenReadRequest,OrdersOsZdarzenReadResponse,25-kontrakty-domenowe-i-api/orders.md,approved-target,orders.os-zdarzen.read,,32.04,Oś zdarzeń,Odczyt view modelu powierzchni Oś zdarzeń; nie tworzy osobnego CRUD poza przypadkiem użycia.,Artur Wiśniewski
orders.overview.read,orders,query,GET,/api/v1/orders/przeglad,/v1/orders/przeglad,orders.read,OrdersOverviewReadRequest,OrdersOverviewReadResponse,25-kontrakty-domenowe-i-api/orders.md,approved-target,orders.overview.read,,32.01,Przegląd,Odczyt view modelu powierzchni Przegląd; nie tworzy osobnego CRUD poza przypadkiem użycia.,Artur Wiśniewski
orders.porownanie-zrodel.read,orders,query,GET,/api/v1/orders/porownanie-zrodel,/v1/orders/porownanie-zrodel,orders.read,OrdersPorownanieZrodelReadRequest,OrdersPorownanieZrodelReadResponse,25-kontrakty-domenowe-i-api/orders.md,approved-target,orders.porownanie-zrodel.read,,32.05,Porównanie źródeł,Odczyt view modelu powierzchni Porównanie źródeł; nie tworzy osobnego CRUD poza przypadkiem użycia.,Artur Wiśniewski
orders.read,orders,query,GET,/api/v1/orders/read,/v1/orders/read,orders.read,OrdersReadRequest,OrdersReadResponse,25-kontrakty-domenowe-i-api/orders.md,approved-target,orders.read,,,,bazowy odczyt domeny orders,Artur Wiśniewski
orders.rekoncyliacja-skrot.read,orders,query,GET,/api/v1/orders/rekoncyliacja-skrot,/v1/orders/rekoncyliacja-skrot,orders.read,OrdersRekoncyliacjaSkrotReadRequest,OrdersRekoncyliacjaSkrotReadResponse,25-kontrakty-domenowe-i-api/orders.md,approved-target,orders.rekoncyliacja-skrot.read,,32.06,Rekoncyliacja — skrót,Odczyt view modelu powierzchni Rekoncyliacja — skrót; nie tworzy osobnego CRUD poza przypadkiem użycia.,Artur Wiśniewski
orders.write,orders,command,POST,/api/v1/orders/write,/v1/orders/write,orders.write,OrdersWriteRequest,OrdersWriteResponse,25-kontrakty-domenowe-i-api/orders.md,approved-target,orders.write,,,,bazowa operacja zapisu domeny orders,Artur Wiśniewski
papa.action-approval.read,papa,query,GET,/api/v1/papa/ai-action-approval,/v1/papa/ai-action-approval,ai.read,PapaActionApprovalReadRequest,PapaActionApprovalReadResponse,25-kontrakty-domenowe-i-api/papa.md,approved-target,papa.action-approval.read,,50.12,AI Action Approval,Odczyt view modelu powierzchni AI Action Approval; nie tworzy osobnego CRUD poza przypadkiem użycia.,Artur Wiśniewski
papa.actions.read,papa,query,GET,/api/v1/papa/ai-actions,/v1/papa/ai-actions,ai.read,PapaActionsReadRequest,PapaActionsReadResponse,25-kontrakty-domenowe-i-api/papa.md,approved-target,papa.actions.read,,50.13,AI Actions,Odczyt view modelu powierzchni AI Actions; nie tworzy osobnego CRUD poza przypadkiem użycia.,Artur Wiśniewski
papa.ai.action.approve,papa,command,POST,/api/v1/papa/ai-actions/approve,/v1/papa/ai-actions/approve,ai.write,PapaAiActionApproveRequest,PapaAiActionApproveResponse,25-kontrakty-domenowe-i-api/papa.md,approved-target,papa.ai.action.approve,,,,zatwierdzenie działania AI,Artur Wiśniewski
papa.ai.action.execute,papa,job,POST,/api/v1/papa/ai-actions/execute,/v1/papa/ai-actions/execute,ai.write,PapaAiActionExecuteRequest,PapaAiActionExecuteResponse,25-kontrakty-domenowe-i-api/papa.md,approved-target,papa.ai.action.execute,,,,wykonanie działania AI,Artur Wiśniewski
papa.ai.action.reject,papa,command,POST,/api/v1/papa/ai-actions/reject,/v1/papa/ai-actions/reject,ai.write,PapaAiActionRejectRequest,PapaAiActionRejectResponse,25-kontrakty-domenowe-i-api/papa.md,approved-target,papa.ai.action.reject,,,,odrzucenie działania AI,Artur Wiśniewski
papa.ai.action.rollback,papa,command,POST,/api/v1/papa/ai-actions/rollback,/v1/papa/ai-actions/rollback,ai.write,PapaAiActionRollbackRequest,PapaAiActionRollbackResponse,25-kontrakty-domenowe-i-api/papa.md,approved-target,papa.ai.action.rollback,,,,rollback działania AI,Artur Wiśniewski
papa.ai.action.validate,papa,command,POST,/api/v1/papa/ai-actions/validate,/v1/papa/ai-actions/validate,ai.write,PapaAiActionValidateRequest,PapaAiActionValidateResponse,25-kontrakty-domenowe-i-api/papa.md,approved-target,papa.ai.action.validate,,,,walidacja działania AI,Artur Wiśniewski
papa.answer.generate,papa,command,POST,/api/v1/papa/answer,/v1/papa/answer,ai.write,PapaAnswerGenerateRequest,PapaAnswerGenerateResponse,25-kontrakty-domenowe-i-api/papa.md,approved-target,papa.answer.generate,,,,generowanie odpowiedzi Papa,Artur Wiśniewski
papa.answer.read,papa,query,GET,/api/v1/papa/odpowiedz-papa,/v1/papa/odpowiedz-papa,ai.read,PapaAnswerReadRequest,PapaAnswerReadResponse,25-kontrakty-domenowe-i-api/papa.md,approved-target,papa.answer.read,,50.05,Odpowiedź Papa,Odczyt view modelu powierzchni Odpowiedź Papa; nie tworzy osobnego CRUD poza przypadkiem użycia.,Artur Wiśniewski
papa.assistant-shell.read,papa,query,GET,/api/v1/papa/assistantshell,/v1/papa/assistantshell,ai.read,PapaAssistantShellReadRequest,PapaAssistantShellReadResponse,25-kontrakty-domenowe-i-api/papa.md,approved-target,papa.assistant-shell.read,,50.02,AssistantShell,Odczyt view modelu powierzchni AssistantShell; nie tworzy osobnego CRUD poza przypadkiem użycia.,Artur Wiśniewski
papa.context-basket.read,papa,query,GET,/api/v1/papa/context-basket,/v1/papa/context-basket,ai.read,PapaContextBasketReadRequest,PapaContextBasketReadResponse,25-kontrakty-domenowe-i-api/papa.md,approved-target,papa.context-basket.read,,50.04,Context basket,Odczyt view modelu powierzchni Context basket; nie tworzy osobnego CRUD poza przypadkiem użycia.,Artur Wiśniewski
papa.context-panel.read,papa,query,GET,/api/v1/papa/panel-kontekstowy-papa,/v1/papa/panel-kontekstowy-papa,ai.read,PapaContextPanelReadRequest,PapaContextPanelReadResponse,25-kontrakty-domenowe-i-api/papa.md,approved-target,papa.context-panel.read,,50.01,Panel kontekstowy Papa,Odczyt view modelu powierzchni Panel kontekstowy Papa; nie tworzy osobnego CRUD poza przypadkiem użycia.,Artur Wiśniewski
papa.context.capture,papa,command,POST,/api/v1/papa/context/capture,/v1/papa/context/capture,ai.write,PapaContextCaptureRequest,PapaContextCaptureResponse,25-kontrakty-domenowe-i-api/papa.md,approved-target,papa.context.capture,,,,snapshot kontekstu Papa,Artur Wiśniewski
papa.evidence.read,papa,query,GET,/api/v1/papa/dowody,/v1/papa/dowody,ai.read,PapaEvidenceReadRequest,PapaEvidenceReadResponse,25-kontrakty-domenowe-i-api/papa.md,approved-target,papa.evidence.read,,50.06,Dowody,Odczyt view modelu powierzchni Dowody; nie tworzy osobnego CRUD poza przypadkiem użycia.,Artur Wiśniewski
papa.governance.read,papa,query,GET,/api/v1/papa/ustawienia-ai-i-governance,/v1/papa/ustawienia-ai-i-governance,ai.read,PapaGovernanceReadRequest,PapaGovernanceReadResponse,25-kontrakty-domenowe-i-api/papa.md,approved-target,papa.governance.read,,50.16,Ustawienia AI i Governance,Odczyt view modelu powierzchni Ustawienia AI i Governance; nie tworzy osobnego CRUD poza przypadkiem użycia.,Artur Wiśniewski
papa.history-memory.read,papa,query,GET,/api/v1/papa/historia-i-pamiec-papa,/v1/papa/historia-i-pamiec-papa,ai.read,PapaHistoryMemoryReadRequest,PapaHistoryMemoryReadResponse,25-kontrakty-domenowe-i-api/papa.md,approved-target,papa.history-memory.read,,50.15,Historia i pamięć Papa,Odczyt view modelu powierzchni Historia i pamięć Papa; nie tworzy osobnego CRUD poza przypadkiem użycia.,Artur Wiśniewski
papa.lab.read,papa,query,GET,/api/v1/papa/laboratorium-ai,/v1/papa/laboratorium-ai,ai.read,PapaLabReadRequest,PapaLabReadResponse,25-kontrakty-domenowe-i-api/papa.md,approved-target,papa.lab.read,,50.08,Laboratorium AI,Odczyt view modelu powierzchni Laboratorium AI; nie tworzy osobnego CRUD poza przypadkiem użycia.,Artur Wiśniewski
papa.observation.save,papa,command,POST,/api/v1/papa/observations,/v1/papa/observations,ai.write,PapaObservationSaveRequest,PapaObservationSaveResponse,25-kontrakty-domenowe-i-api/papa.md,approved-target,papa.observation.save,,,,zapis obserwacji Papa,Artur Wiśniewski
papa.observations.read,papa,query,GET,/api/v1/papa/obserwacje,/v1/papa/obserwacje,ai.read,PapaObservationsReadRequest,PapaObservationsReadResponse,25-kontrakty-domenowe-i-api/papa.md,approved-target,papa.observations.read,,50.09,Obserwacje,Odczyt view modelu powierzchni Obserwacje; nie tworzy osobnego CRUD poza przypadkiem użycia.,Artur Wiśniewski
papa.proposals.read,papa,query,GET,/api/v1/papa/propozycje-ai,/v1/papa/propozycje-ai,ai.read,PapaProposalsReadRequest,PapaProposalsReadResponse,25-kontrakty-domenowe-i-api/papa.md,approved-target,papa.proposals.read,,50.11,Propozycje AI,Odczyt view modelu powierzchni Propozycje AI; nie tworzy osobnego CRUD poza przypadkiem użycia.,Artur Wiśniewski
papa.read,papa,query,GET,/api/v1/papa/read,/v1/papa/read,papa.read,PapaReadRequest,PapaReadResponse,25-kontrakty-domenowe-i-api/papa.md,approved-target,papa.read,,,,bazowy odczyt domeny papa,Artur Wiśniewski
papa.write,papa,command,POST,/api/v1/papa/write,/v1/papa/write,papa.write,PapaWriteRequest,PapaWriteResponse,25-kontrakty-domenowe-i-api/papa.md,approved-target,papa.write,,,,bazowa operacja zapisu domeny papa,Artur Wiśniewski
products.catalog.read,products,query,GET,/api/v1/products/katalog,/v1/products/katalog,products.read,ProductsCatalogReadRequest,ProductsCatalogReadResponse,25-kontrakty-domenowe-i-api/products.md,approved-target,products.catalog.read,,33.02,Katalog,Odczyt view modelu powierzchni Katalog; nie tworzy osobnego CRUD poza przypadkiem użycia.,Artur Wiśniewski
products.detail.read,products,query,GET,/api/v1/products/szczegoly,/v1/products/szczegoly,products.read,ProductsDetailReadRequest,ProductsDetailReadResponse,25-kontrakty-domenowe-i-api/products.md,approved-target,products.detail.read,,33.03,Szczegóły,Odczyt view modelu powierzchni Szczegóły; nie tworzy osobnego CRUD poza przypadkiem użycia.,Artur Wiśniewski
products.gaps.queue.read,products,query,GET,/api/v1/products/kolejka-brakow,/v1/products/kolejka-brakow,products.read,ProductsGapsQueueReadRequest,ProductsGapsQueueReadResponse,25-kontrakty-domenowe-i-api/products.md,approved-target,products.gaps.queue.read,,33.07,Kolejka braków,Odczyt view modelu powierzchni Kolejka braków; nie tworzy osobnego CRUD poza przypadkiem użycia.,Artur Wiśniewski
products.impact.read,products,query,GET,/api/v1/products/analiza-wplywu,/v1/products/analiza-wplywu,products.read,ProductsImpactReadRequest,ProductsImpactReadResponse,25-kontrakty-domenowe-i-api/products.md,approved-target,products.impact.read,,33.08,Analiza wpływu,Odczyt view modelu powierzchni Analiza wpływu; nie tworzy osobnego CRUD poza przypadkiem użycia.,Artur Wiśniewski
products.mapping.read,products,query,GET,/api/v1/products/mapowanie,/v1/products/mapowanie,products.read,ProductsMappingReadRequest,ProductsMappingReadResponse,25-kontrakty-domenowe-i-api/products.md,approved-target,products.mapping.read,,33.04,Mapowanie,Odczyt view modelu powierzchni Mapowanie; nie tworzy osobnego CRUD poza przypadkiem użycia.,Artur Wiśniewski
products.mapping.update,products,command,PUT,/api/v1/products/mapping,/v1/products/mapping,products.write,ProductsMappingUpdateRequest,ProductsMappingUpdateResponse,25-kontrakty-domenowe-i-api/products.md,approved-target,products.mapping.update,,,,aktualizacja mapowania produktu,Artur Wiśniewski
products.offers.read,products,query,GET,/api/v1/products/oferty,/v1/products/oferty,products.read,ProductsOffersReadRequest,ProductsOffersReadResponse,25-kontrakty-domenowe-i-api/products.md,approved-target,products.offers.read,,33.05,Oferty,Odczyt view modelu powierzchni Oferty; nie tworzy osobnego CRUD poza przypadkiem użycia.,Artur Wiśniewski
products.overview.read,products,query,GET,/api/v1/products/przeglad,/v1/products/przeglad,products.read,ProductsOverviewReadRequest,ProductsOverviewReadResponse,25-kontrakty-domenowe-i-api/products.md,approved-target,products.overview.read,,33.01,Przegląd,Odczyt view modelu powierzchni Przegląd; nie tworzy osobnego CRUD poza przypadkiem użycia.,Artur Wiśniewski
products.performance.read,products,query,GET,/api/v1/products/wydajnosc,/v1/products/wydajnosc,products.read,ProductsPerformanceReadRequest,ProductsPerformanceReadResponse,25-kontrakty-domenowe-i-api/products.md,approved-target,products.performance.read,,33.06,Wydajność,Odczyt view modelu powierzchni Wydajność; nie tworzy osobnego CRUD poza przypadkiem użycia.,Artur Wiśniewski
products.read,products,query,GET,/api/v1/products/read,/v1/products/read,products.read,ProductsReadRequest,ProductsReadResponse,25-kontrakty-domenowe-i-api/products.md,approved-target,products.read,,,,bazowy odczyt domeny products,Artur Wiśniewski
products.write,products,command,POST,/api/v1/products/write,/v1/products/write,products.write,ProductsWriteRequest,ProductsWriteResponse,25-kontrakty-domenowe-i-api/products.md,approved-target,products.write,,,,bazowa operacja zapisu domeny products,Artur Wiśniewski
settings.account-security.read,settings,query,GET,/api/v1/settings/bezpieczenstwo-konta,/v1/settings/bezpieczenstwo-konta,settings.read,SettingsAccountSecurityReadRequest,SettingsAccountSecurityReadResponse,25-kontrakty-domenowe-i-api/settings.md,approved-target,settings.account-security.read,,60.05,Bezpieczeństwo konta,Odczyt view modelu powierzchni Bezpieczeństwo konta; nie tworzy osobnego CRUD poza przypadkiem użycia.,Artur Wiśniewski
settings.audit.read,settings,query,GET,/api/v1/settings/audyt,/v1/settings/audyt,settings.read,SettingsAuditReadRequest,SettingsAuditReadResponse,25-kontrakty-domenowe-i-api/settings.md,approved-target,settings.audit.read,,60.07,Audyt,Odczyt view modelu powierzchni Audyt; nie tworzy osobnego CRUD poza przypadkiem użycia.,Artur Wiśniewski
settings.memberships.read,settings,query,GET,/api/v1/settings/czlonkostwa,/v1/settings/czlonkostwa,settings.read,SettingsMembershipsReadRequest,SettingsMembershipsReadResponse,25-kontrakty-domenowe-i-api/settings.md,approved-target,settings.memberships.read,,60.03,Członkostwa,Odczyt view modelu powierzchni Członkostwa; nie tworzy osobnego CRUD poza przypadkiem użycia.,Artur Wiśniewski
settings.organization.read,settings,query,GET,/api/v1/settings/organizacja,/v1/settings/organizacja,settings.read,SettingsOrganizationReadRequest,SettingsOrganizationReadResponse,25-kontrakty-domenowe-i-api/settings.md,approved-target,settings.organization.read,,60.01,Organizacja,Odczyt view modelu powierzchni Organizacja; nie tworzy osobnego CRUD poza przypadkiem użycia.,Artur Wiśniewski
settings.privacy.read,settings,query,GET,/api/v1/settings/prywatnosc,/v1/settings/prywatnosc,settings.read,SettingsPrivacyReadRequest,SettingsPrivacyReadResponse,25-kontrakty-domenowe-i-api/settings.md,approved-target,settings.privacy.read,,60.08,Prywatność,Odczyt view modelu powierzchni Prywatność; nie tworzy osobnego CRUD poza przypadkiem użycia.,Artur Wiśniewski
settings.read,settings,query,GET,/api/v1/settings/read,/v1/settings/read,settings.read,SettingsReadRequest,SettingsReadResponse,25-kontrakty-domenowe-i-api/settings.md,approved-target,settings.read,,,,bazowy odczyt domeny settings,Artur Wiśniewski
settings.roles.read,settings,query,GET,/api/v1/settings/role-i-uprawnienia,/v1/settings/role-i-uprawnienia,settings.read,SettingsRolesReadRequest,SettingsRolesReadResponse,25-kontrakty-domenowe-i-api/settings.md,approved-target,settings.roles.read,,60.04,Role i uprawnienia,Odczyt view modelu powierzchni Role i uprawnienia; nie tworzy osobnego CRUD poza przypadkiem użycia.,Artur Wiśniewski
settings.sessions.read,settings,query,GET,/api/v1/settings/sesje,/v1/settings/sesje,settings.read,SettingsSessionsReadRequest,SettingsSessionsReadResponse,25-kontrakty-domenowe-i-api/settings.md,approved-target,settings.sessions.read,,60.06,Sesje,Odczyt view modelu powierzchni Sesje; nie tworzy osobnego CRUD poza przypadkiem użycia.,Artur Wiśniewski
settings.support-access.read,settings,query,GET,/api/v1/settings/dostep-wsparcia,/v1/settings/dostep-wsparcia,settings.read,SettingsSupportAccessReadRequest,SettingsSupportAccessReadResponse,25-kontrakty-domenowe-i-api/settings.md,approved-target,settings.support-access.read,,60.09,Dostęp wsparcia,Odczyt view modelu powierzchni Dostęp wsparcia; nie tworzy osobnego CRUD poza przypadkiem użycia.,Artur Wiśniewski
settings.workspace.profile.update,settings,command,PATCH,/api/v1/settings/workspace/profile/update,/v1/settings/workspace/profile/update,settings.write,SettingsWorkspaceProfileUpdateRequest,SettingsWorkspaceProfileUpdateResponse,25-kontrakty-domenowe-i-api/settings.md,approved-target,settings.workspace.profile.update,,,,aktualizacja profilu workspace,Artur Wiśniewski
settings.workspace.read,settings,query,GET,/api/v1/settings/workspace,/v1/settings/workspace,settings.read,SettingsWorkspaceReadRequest,SettingsWorkspaceReadResponse,25-kontrakty-domenowe-i-api/settings.md,approved-target,settings.workspace.read,,60.02,Workspace,Odczyt view modelu powierzchni Workspace; nie tworzy osobnego CRUD poza przypadkiem użycia.,Artur Wiśniewski
settings.write,settings,command,POST,/api/v1/settings/write,/v1/settings/write,settings.write,SettingsWriteRequest,SettingsWriteResponse,25-kontrakty-domenowe-i-api/settings.md,approved-target,settings.write,,,,bazowa operacja zapisu domeny settings,Artur Wiśniewski
traffic.channels.read,traffic,query,GET,/api/v1/traffic/kanaly,/v1/traffic/kanaly,traffic.read,TrafficChannelsReadRequest,TrafficChannelsReadResponse,25-kontrakty-domenowe-i-api/traffic.md,approved-target,traffic.channels.read,,35.02,Kanały,Odczyt view modelu powierzchni Kanały; nie tworzy osobnego CRUD poza przypadkiem użycia.,Artur Wiśniewski
traffic.drop.diagnose,traffic,query,GET,/api/v1/traffic/drop/diagnose,/v1/traffic/drop/diagnose,traffic.read,TrafficDropDiagnoseRequest,TrafficDropDiagnoseResponse,25-kontrakty-domenowe-i-api/traffic.md,approved-target,traffic.drop.diagnose,,,,diagnoza spadku ruchu,Artur Wiśniewski
traffic.event-quality.read,traffic,query,GET,/api/v1/traffic/jakosc-zdarzen,/v1/traffic/jakosc-zdarzen,traffic.read,TrafficEventQualityReadRequest,TrafficEventQualityReadResponse,25-kontrakty-domenowe-i-api/traffic.md,approved-target,traffic.event-quality.read,,35.07,Jakość zdarzeń,Odczyt view modelu powierzchni Jakość zdarzeń; nie tworzy osobnego CRUD poza przypadkiem użycia.,Artur Wiśniewski
traffic.funnel-definitions.read,traffic,query,GET,/api/v1/traffic/definicje-lejka,/v1/traffic/definicje-lejka,traffic.read,TrafficFunnelDefinitionsReadRequest,TrafficFunnelDefinitionsReadResponse,25-kontrakty-domenowe-i-api/traffic.md,approved-target,traffic.funnel-definitions.read,,35.05,Definicje lejka,Odczyt view modelu powierzchni Definicje lejka; nie tworzy osobnego CRUD poza przypadkiem użycia.,Artur Wiśniewski
traffic.funnel-step.read,traffic,query,GET,/api/v1/traffic/lejek-szczegoly-kroku,/v1/traffic/lejek-szczegoly-kroku,traffic.read,TrafficFunnelStepReadRequest,TrafficFunnelStepReadResponse,25-kontrakty-domenowe-i-api/traffic.md,approved-target,traffic.funnel-step.read,,35.04,Lejek — szczegóły kroku,Odczyt view modelu powierzchni Lejek — szczegóły kroku; nie tworzy osobnego CRUD poza przypadkiem użycia.,Artur Wiśniewski
traffic.funnel.read,traffic,query,GET,/api/v1/traffic/lejek-widok,/v1/traffic/lejek-widok,traffic.read,TrafficFunnelReadRequest,TrafficFunnelReadResponse,25-kontrakty-domenowe-i-api/traffic.md,approved-target,traffic.funnel.read,,35.03,Lejek — widok,Odczyt view modelu powierzchni Lejek — widok; nie tworzy osobnego CRUD poza przypadkiem użycia.,Artur Wiśniewski
traffic.ga4-orders.read,traffic,query,GET,/api/v1/traffic/ga4-vs-zamowienia,/v1/traffic/ga4-vs-zamowienia,traffic.read,TrafficGa4OrdersReadRequest,TrafficGa4OrdersReadResponse,25-kontrakty-domenowe-i-api/traffic.md,approved-target,traffic.ga4-orders.read,,35.06,GA4 vs zamówienia,Odczyt view modelu powierzchni GA4 vs zamówienia; nie tworzy osobnego CRUD poza przypadkiem użycia.,Artur Wiśniewski
traffic.landing-pages.read,traffic,query,GET,/api/v1/traffic/strony-wejscia,/v1/traffic/strony-wejscia,traffic.read,TrafficLandingPagesReadRequest,TrafficLandingPagesReadResponse,25-kontrakty-domenowe-i-api/traffic.md,approved-target,traffic.landing-pages.read,,35.08,Strony wejścia,Odczyt view modelu powierzchni Strony wejścia; nie tworzy osobnego CRUD poza przypadkiem użycia.,Artur Wiśniewski
traffic.overview.read,traffic,query,GET,/api/v1/traffic/przeglad-ruchu,/v1/traffic/przeglad-ruchu,traffic.read,TrafficOverviewReadRequest,TrafficOverviewReadResponse,25-kontrakty-domenowe-i-api/traffic.md,approved-target,traffic.overview.read,,35.01,Przegląd ruchu,Odczyt view modelu powierzchni Przegląd ruchu; nie tworzy osobnego CRUD poza przypadkiem użycia.,Artur Wiśniewski
traffic.read,traffic,query,GET,/api/v1/traffic/read,/v1/traffic/read,traffic.read,TrafficReadRequest,TrafficReadResponse,25-kontrakty-domenowe-i-api/traffic.md,approved-target,traffic.read,,,,bazowy odczyt domeny traffic,Artur Wiśniewski
traffic.write,traffic,command,POST,/api/v1/traffic/write,/v1/traffic/write,traffic.write,TrafficWriteRequest,TrafficWriteResponse,25-kontrakty-domenowe-i-api/traffic.md,approved-target,traffic.write,,,,bazowa operacja zapisu domeny traffic,Artur Wiśniewski
workspace.onboarding.update,workspace,command,POST,/api/v1/workspace/onboarding/update,/v1/workspace/onboarding/update,workspace.write,WorkspaceOnboardingUpdateRequest,WorkspaceOnboardingUpdateResponse,25-kontrakty-domenowe-i-api/identity-access.md,approved-target,workspace.onboarding.update,,,,aktualizacja kroku onboardingu,Artur Wiśniewski
workspace.resolve,workspace,query,GET,/api/v1/workspace/resolve,/v1/workspace/resolve,workspace.read,WorkspaceResolveRequest,WorkspaceResolveResponse,25-kontrakty-domenowe-i-api/identity-access.md,approved-target,workspace.resolve,,,,rozwiązanie kontekstu workspace,Artur Wiśniewski
