operation_id,actor,capability,consumer,request_schema,response_schema,use_case,contract_test,status
access.bootstrap,authenticated user or system callback,access.write,auth:auth-14 | auth:auth-29,AccessBootstrapRequest,AccessBootstrapResponse,bootstrap po zakończeniu Auth,contract.access-bootstrap.test,used
access.resolve,authenticated user or system callback,access.read,e2e:E2E_90_03_03_walidacja-dostepu | auth:auth-01 | auth:auth-03 | auth:auth-21,AccessResolveRequest,AccessResolveResponse,rozwiązanie kontekstu tenant/workspace,contract.access-resolve.test,used
access.tenant.select,authenticated user or system callback,access.write,auth:auth-22,AccessTenantSelectRequest,AccessTenantSelectResponse,wybór organizacji lub tenanta,contract.access-tenant-select.test,used
access.tenants.list,authenticated user or system callback,access.read,contract-test:access-tenants-list,AccessTenantsListRequest,AccessTenantsListResponse,lista dostępnych tenantów,contract.access-tenants-list.test,support-contract
access.workspace.select,authenticated user or system callback,workspace.write,e2e:E2E_90_01_04_wybor-workspace | e2e:E2E_90_03_04_zmiana-workspace | auth:auth-23,AccessWorkspaceSelectRequest,AccessWorkspaceSelectResponse,wybór workspace,contract.access-workspace-select.test,used
access.workspaces.list,authenticated user or system callback,access.read,contract-test:access-workspaces-list,AccessWorkspacesListRequest,AccessWorkspacesListResponse,lista dostępnych workspace,contract.access-workspaces-list.test,support-contract
actions.read,authenticated user or system callback,actions.read,contract-test:actions-read,ActionsReadRequest,ActionsReadResponse,bazowy odczyt domeny actions,contract.actions-read.test,support-contract
actions.write,authenticated user or system callback,actions.write,contract-test:actions-write,ActionsWriteRequest,ActionsWriteResponse,bazowa operacja zapisu domeny actions,contract.actions-write.test,support-contract
auth.access.blocked.read,authenticated user or system callback,auth.read,contract-test:auth-access-blocked-read,AuthAccessBlockedReadRequest,AuthAccessBlockedReadResponse,odczyt blokady dostępu,contract.auth-access-blocked-read.test,support-contract
auth.access.resolve,authenticated user or system callback,auth.write,contract-test:auth-access-resolve,AuthAccessResolveRequest,AuthAccessResolveResponse,alias rozwiązywania dostępu w Auth,contract.auth-access-resolve.test,support-contract
auth.account.link,authenticated user or system callback,auth.write,contract-test:auth-account-link,AuthAccountLinkRequest,AuthAccountLinkResponse,powiązanie istniejącego konta z zaproszeniem,contract.auth-account-link.test,support-contract
auth.email.resend,authenticated user or system callback,auth.write,contract-test:auth-email-resend,AuthEmailResendRequest,AuthEmailResendResponse,ponowne wysłanie e-maila,contract.auth-email-resend.test,support-contract
auth.email.verify,authenticated user or system callback,auth.write,auth:auth-06,AuthEmailVerifyRequest,AuthEmailVerifyResponse,weryfikacja e-mail,contract.auth-email-verify.test,used
auth.login,authenticated user or system callback,auth.write,auth:auth-02,AuthLoginRequest,AuthLoginResponse,logowanie użytkownika,contract.auth-login.test,used
auth.logout,authenticated user or system callback,auth.write,auth:auth-25,AuthLogoutRequest,AuthLogoutResponse,wylogowanie,contract.auth-logout.test,used
auth.mfa.confirm,authenticated user or system callback,auth.write,contract-test:auth-mfa-confirm,AuthMfaConfirmRequest,AuthMfaConfirmResponse,potwierdzenie konfiguracji MFA,contract.auth-mfa-confirm.test,support-contract
auth.mfa.enroll,authenticated user or system callback,auth.write,auth:auth-17,AuthMfaEnrollRequest,AuthMfaEnrollResponse,rozpoczęcie konfiguracji MFA,contract.auth-mfa-enroll.test,used
auth.mfa.verify,authenticated user or system callback,auth.write,e2e:E2E_90_01_03_weryfikacja-mfa | auth:auth-16,AuthMfaVerifyRequest,AuthMfaVerifyResponse,weryfikacja MFA,contract.auth-mfa-verify.test,used
auth.oauth.callback,authenticated user or system callback,auth.write,contract-test:auth-oauth-callback,AuthOauthCallbackRequest,AuthOauthCallbackResponse,callback OAuth,contract.auth-oauth-callback.test,support-contract
auth.oauth.start,authenticated user or system callback,auth.write,auth:auth-05,AuthOauthStartRequest,AuthOauthStartResponse,rozpoczęcie OAuth,contract.auth-oauth-start.test,used
auth.password.recovery.request,authenticated user or system callback,auth.write,auth:auth-18,AuthPasswordRecoveryRequestRequest,AuthPasswordRecoveryRequestResponse,prośba o odzyskanie hasła,contract.auth-password-recovery-request.test,used
auth.password.reset,authenticated user or system callback,auth.write,auth:auth-20,AuthPasswordResetRequest,AuthPasswordResetResponse,ustawienie nowego hasła,contract.auth-password-reset.test,used
auth.reauthenticate,authenticated user or system callback,auth.write,e2e:E2E_90_06_04_ponowne-uwierzytelnienie | e2e:E2E_90_16_07_mfa-lub-reauth | auth:auth-24,AuthReauthenticateRequest,AuthReauthenticateResponse,ponowne uwierzytelnienie,contract.auth-reauthenticate.test,used
auth.register.email,authenticated user or system callback,auth.write,e2e:E2E_90_01_02_utworzenie-lub-powiazanie-konta | auth:auth-04,AuthRegisterEmailRequest,AuthRegisterEmailResponse,rejestracja konta przez e-mail,contract.auth-register-email.test,used
auth.session.read,authenticated user or system callback,auth.read,e2e:E2E_90_03_02_otwarcie-przelacznika-workspace | e2e:E2E_90_03_06_komunikat-wplywu-na-dane,AuthSessionReadRequest,AuthSessionReadResponse,odczyt kontekstu sesji,contract.auth-session-read.test,used
auth.status.read,authenticated user or system callback,auth.read,auth:auth-27,AuthStatusReadRequest,AuthStatusReadResponse,stan usługi auth,contract.auth-status-read.test,used
billing.adjustments.read,authenticated user or system callback,billing.read,screen:70.07,BillingAdjustmentsReadRequest,BillingAdjustmentsReadResponse,Odczyt view modelu powierzchni Korekty; nie tworzy osobnego CRUD poza przypadkiem użycia.,contract.billing-adjustments-read.test,used
billing.change-cancel.read,authenticated user or system callback,billing.read,screen:70.08,BillingChangeCancelReadRequest,BillingChangeCancelReadResponse,Odczyt view modelu powierzchni Zmiana i anulowanie; nie tworzy osobnego CRUD poza przypadkiem użycia.,contract.billing-change-cancel-read.test,used
billing.entitlements.read,authenticated user or system callback,billing.read,e2e:E2E_90_17_07_entitlements | e2e:E2E_90_18_03_bezpieczne-ograniczenie,BillingEntitlementsReadRequest,BillingEntitlementsReadResponse,uprawnienia abonamentu,contract.billing-entitlements-read.test,used
billing.invoices.read,authenticated user or system callback,billing.read,screen:70.04,BillingInvoicesReadRequest,BillingInvoicesReadResponse,Odczyt view modelu powierzchni Faktury; nie tworzy osobnego CRUD poza przypadkiem użycia.,contract.billing-invoices-read.test,used
billing.overdue-payment.read,authenticated user or system callback,billing.read,screen:70.06 | e2e:E2E_90_18_01_alert-billingowy | e2e:E2E_90_18_02_zalegla-platnosc,BillingOverduePaymentReadRequest,BillingOverduePaymentReadResponse,Odczyt view modelu powierzchni Zaległa płatność; nie tworzy osobnego CRUD poza przypadkiem użycia.,contract.billing-overdue-payment-read.test,used
billing.overdue.resolve,authenticated user or system callback,billing.write,e2e:E2E_90_18_05_odblokowanie,BillingOverdueResolveRequest,BillingOverdueResolveResponse,odblokowanie po zaległej płatności,contract.billing-overdue-resolve.test,used
billing.payment.method.update,authenticated user or system callback,billing.write,e2e:E2E_90_17_05_platnosc | e2e:E2E_90_18_04_metoda-platnosci,BillingPaymentMethodUpdateRequest,BillingPaymentMethodUpdateResponse,aktualizacja metody płatności,contract.billing-payment-method-update.test,used
billing.payments.read,authenticated user or system callback,billing.read,screen:70.05,BillingPaymentsReadRequest,BillingPaymentsReadResponse,Odczyt view modelu powierzchni Płatności; nie tworzy osobnego CRUD poza przypadkiem użycia.,contract.billing-payments-read.test,used
billing.pilot-to-subscription.read,authenticated user or system callback,billing.read,screen:70.09,BillingPilotToSubscriptionReadRequest,BillingPilotToSubscriptionReadResponse,Odczyt view modelu powierzchni Pilot do abonamentu; nie tworzy osobnego CRUD poza przypadkiem użycia.,contract.billing-pilot-to-subscription-read.test,used
billing.pilot.read,authenticated user or system callback,billing.read,e2e:E2E_90_02_03_karta-pilotazu | e2e:E2E_90_17_01_pilot,BillingPilotReadRequest,BillingPilotReadResponse,pilot i dowód wartości,contract.billing-pilot-read.test,used
billing.plan.select,authenticated user or system callback,billing.write,e2e:E2E_90_17_04_plan,BillingPlanSelectRequest,BillingPlanSelectResponse,wybór planu,contract.billing-plan-select.test,used
billing.plans.read,authenticated user or system callback,billing.read,screen:70.03,BillingPlansReadRequest,BillingPlansReadResponse,Odczyt view modelu powierzchni Plany; nie tworzy osobnego CRUD poza przypadkiem użycia.,contract.billing-plans-read.test,used
billing.read,authenticated user or system callback,billing.read,contract-test:billing-read,BillingReadRequest,BillingReadResponse,bazowy odczyt domeny billing,contract.billing-read.test,support-contract
billing.subscription.activate,authenticated user or system callback,billing.write,e2e:E2E_90_17_06_abonament,BillingSubscriptionActivateRequest,BillingSubscriptionActivateResponse,aktywacja abonamentu,contract.billing-subscription-activate.test,used
billing.subscription.read,authenticated user or system callback,billing.read,screen:70.01,BillingSubscriptionReadRequest,BillingSubscriptionReadResponse,Odczyt view modelu powierzchni Subskrypcja; nie tworzy osobnego CRUD poza przypadkiem użycia.,contract.billing-subscription-read.test,used
billing.usage-limits.read,authenticated user or system callback,billing.read,screen:70.02 | e2e:E2E_90_17_02_uzycie,BillingUsageLimitsReadRequest,BillingUsageLimitsReadResponse,Odczyt view modelu powierzchni Użycie i limity; nie tworzy osobnego CRUD poza przypadkiem użycia.,contract.billing-usage-limits-read.test,used
billing.write,authenticated user or system callback,billing.write,contract-test:billing-write,BillingWriteRequest,BillingWriteResponse,bazowa operacja zapisu domeny billing,contract.billing-write.test,support-contract
campaigns.attribution-sales.read,authenticated user or system callback,campaigns.read,screen:31.04 | e2e:E2E_90_10_02_analiza-roas,CampaignsAttributionSalesReadRequest,CampaignsAttributionSalesReadResponse,Odczyt view modelu powierzchni Atrybucja i sprzedaż; nie tworzy osobnego CRUD poza przypadkiem użycia.,contract.campaigns-attribution-sales-read.test,used
campaigns.budget.change.propose,authenticated user or system callback,campaigns.write,contract-test:campaigns-budget-change-propose,CampaignsBudgetChangeProposeRequest,CampaignsBudgetChangeProposeResponse,propozycja zmiany budżetu,contract.campaigns-budget-change-propose.test,support-contract
campaigns.budget.read,authenticated user or system callback,campaigns.read,screen:31.05 | e2e:E2E_90_10_03_budzet,CampaignsBudgetReadRequest,CampaignsBudgetReadResponse,Odczyt view modelu powierzchni Budżet; nie tworzy osobnego CRUD poza przypadkiem użycia.,contract.campaigns-budget-read.test,used
campaigns.budget.recommendation.read,authenticated user or system callback,campaigns.read,e2e:E2E_90_10_04_rekomendacja,CampaignsBudgetRecommendationReadRequest,CampaignsBudgetRecommendationReadResponse,rekomendacja budżetowa,contract.campaigns-budget-recommendation-read.test,used
campaigns.detail.read,authenticated user or system callback,campaigns.read,screen:31.03,CampaignsDetailReadRequest,CampaignsDetailReadResponse,Odczyt view modelu powierzchni Szczegóły kampanii; nie tworzy osobnego CRUD poza przypadkiem użycia.,contract.campaigns-detail-read.test,used
campaigns.diagnostics.read,authenticated user or system callback,campaigns.read,screen:31.06,CampaignsDiagnosticsReadRequest,CampaignsDiagnosticsReadResponse,Odczyt view modelu powierzchni Diagnostyka; nie tworzy osobnego CRUD poza przypadkiem użycia.,contract.campaigns-diagnostics-read.test,used
campaigns.list.read,authenticated user or system callback,campaigns.read,screen:31.02,CampaignsListReadRequest,CampaignsListReadResponse,Odczyt view modelu powierzchni Lista kampanii; nie tworzy osobnego CRUD poza przypadkiem użycia.,contract.campaigns-list-read.test,used
campaigns.overview.read,authenticated user or system callback,campaigns.read,screen:31.01 | e2e:E2E_90_10_01_kampanie,CampaignsOverviewReadRequest,CampaignsOverviewReadResponse,Odczyt view modelu powierzchni Przegląd; nie tworzy osobnego CRUD poza przypadkiem użycia.,contract.campaigns-overview-read.test,used
campaigns.read,authenticated user or system callback,campaigns.read,contract-test:campaigns-read,CampaignsReadRequest,CampaignsReadResponse,bazowy odczyt domeny campaigns,contract.campaigns-read.test,support-contract
campaigns.recommendations.read,authenticated user or system callback,campaigns.read,screen:31.07,CampaignsRecommendationsReadRequest,CampaignsRecommendationsReadResponse,Odczyt view modelu powierzchni Rekomendacje — kontekst domenowy; nie tworzy osobnego CRUD poza przypadkiem użycia.,contract.campaigns-recommendations-read.test,used
campaigns.write,authenticated user or system callback,campaigns.write,contract-test:campaigns-write,CampaignsWriteRequest,CampaignsWriteResponse,bazowa operacja zapisu domeny campaigns,contract.campaigns-write.test,support-contract
command-center.ai-recommendations.read,authenticated user or system callback,analytics.read,screen:30.11 | e2e:E2E_90_02_06_pierwszy-insight,CommandCenterAiRecommendationsReadRequest,CommandCenterAiRecommendationsReadResponse,Odczyt view modelu powierzchni Rekomendacje AI — skrót; nie tworzy osobnego CRUD poza przypadkiem użycia.,contract.command-center-ai-recommendations-read.test,used
command-center.attention.queue.read,authenticated user or system callback,analytics.read,screen:30.02 | e2e:E2E_90_09_02_kolejka-uwagi,CommandCenterAttentionQueueReadRequest,CommandCenterAttentionQueueReadResponse,Odczyt view modelu powierzchni Kolejka uwagi; nie tworzy osobnego CRUD poza przypadkiem użycia.,contract.command-center-attention-queue-read.test,used
command-center.customers-summary.read,authenticated user or system callback,analytics.read,screen:30.09,CommandCenterCustomersSummaryReadRequest,CommandCenterCustomersSummaryReadResponse,Odczyt view modelu powierzchni Klienci; nie tworzy osobnego CRUD poza przypadkiem użycia.,contract.command-center-customers-summary-read.test,used
command-center.drivers.read,authenticated user or system callback,analytics.read,screen:30.05,CommandCenterDriversReadRequest,CommandCenterDriversReadResponse,Odczyt view modelu powierzchni Drivery wyniku; nie tworzy osobnego CRUD poza przypadkiem użycia.,contract.command-center-drivers-read.test,used
command-center.funnel.read,authenticated user or system callback,analytics.read,screen:30.10,CommandCenterFunnelReadRequest,CommandCenterFunnelReadResponse,Odczyt view modelu powierzchni Lejek; nie tworzy osobnego CRUD poza przypadkiem użycia.,contract.command-center-funnel-read.test,used
command-center.kpi.read,authenticated user or system callback,analytics.read,screen:30.03 | e2e:E2E_90_01_08_pierwszy-kpi | e2e:E2E_90_04_01_kpi | e2e:E2E_90_14_01_kpi,CommandCenterKpiReadRequest,CommandCenterKpiReadResponse,Odczyt view modelu powierzchni KPI; nie tworzy osobnego CRUD poza przypadkiem użycia.,contract.command-center-kpi-read.test,used
command-center.overview.read,authenticated user or system callback,analytics.read,screen:30.01 | e2e:E2E_90_01_09_centrum-dowodzenia | e2e:E2E_90_03_01_aktywny-modul | e2e:E2E_90_03_05_zachowanie-modulu-albo-fallback,CommandCenterOverviewReadRequest,CommandCenterOverviewReadResponse,Odczyt view modelu powierzchni Widok główny; nie tworzy osobnego CRUD poza przypadkiem użycia.,contract.command-center-overview-read.test,used
command-center.plan-performance.read,authenticated user or system callback,analytics.read,screen:30.04 | e2e:E2E_90_04_02_wykres | e2e:E2E_90_13_06_wynik | e2e:E2E_90_15_07_baseline | e2e:E2E_90_17_03_dowod-wartosci,CommandCenterPlanPerformanceReadRequest,CommandCenterPlanPerformanceReadResponse,Odczyt view modelu powierzchni Plan vs wynik; nie tworzy osobnego CRUD poza przypadkiem użycia.,contract.command-center-plan-performance-read.test,used
command-center.products-summary.read,authenticated user or system callback,analytics.read,screen:30.08,CommandCenterProductsSummaryReadRequest,CommandCenterProductsSummaryReadResponse,Odczyt view modelu powierzchni Produkty; nie tworzy osobnego CRUD poza przypadkiem użycia.,contract.command-center-products-summary-read.test,used
command-center.read,authenticated user or system callback,command-center.read,contract-test:command-center-read,CommandCenterReadRequest,CommandCenterReadResponse,bazowy odczyt domeny command-center,contract.command-center-read.test,support-contract
command-center.sales-signals.read,authenticated user or system callback,analytics.read,screen:30.12 | e2e:E2E_90_09_01_sygnal-w-centrum-dowodzenia,CommandCenterSalesSignalsReadRequest,CommandCenterSalesSignalsReadResponse,Odczyt view modelu powierzchni Sygnały sprzedażowe; nie tworzy osobnego CRUD poza przypadkiem użycia.,contract.command-center-sales-signals-read.test,used
command-center.sales-sources.read,authenticated user or system callback,analytics.read,screen:30.06,CommandCenterSalesSourcesReadRequest,CommandCenterSalesSourcesReadResponse,Odczyt view modelu powierzchni Źródła sprzedaży; nie tworzy osobnego CRUD poza przypadkiem użycia.,contract.command-center-sales-sources-read.test,used
command-center.traffic-summary.read,authenticated user or system callback,analytics.read,screen:30.07,CommandCenterTrafficSummaryReadRequest,CommandCenterTrafficSummaryReadResponse,Odczyt view modelu powierzchni Ruch; nie tworzy osobnego CRUD poza przypadkiem użycia.,contract.command-center-traffic-summary-read.test,used
command-center.waterfall.read,authenticated user or system callback,analytics.read,screen:30.13,CommandCenterWaterfallReadRequest,CommandCenterWaterfallReadResponse,Odczyt view modelu powierzchni Waterfall; nie tworzy osobnego CRUD poza przypadkiem użycia.,contract.command-center-waterfall-read.test,used
command-center.write,authenticated user or system callback,command-center.write,contract-test:command-center-write,CommandCenterWriteRequest,CommandCenterWriteResponse,bazowa operacja zapisu domeny command-center,contract.command-center-write.test,support-contract
company.draft.update,authenticated user or system callback,company.write,auth:auth-09 | auth:auth-10,CompanyDraftUpdateRequest,CompanyDraftUpdateResponse,aktualizacja szkicu firmy,contract.company-draft-update.test,used
company.lookup,authenticated user or system callback,company.read,e2e:E2E_90_02_02_identyfikacja-firmy | auth:auth-07 | auth:auth-08,CompanyLookupRequest,CompanyLookupResponse,wyszukanie firmy,contract.company-lookup.test,used
customers.cohorts.read,authenticated user or system callback,customers.read,screen:34.03 | e2e:E2E_90_11_03_kohorta,CustomersCohortsReadRequest,CustomersCohortsReadResponse,Odczyt view modelu powierzchni Kohorty; nie tworzy osobnego CRUD poza przypadkiem użycia.,contract.customers-cohorts-read.test,used
customers.identity-conflicts.read,authenticated user or system callback,customers.read,screen:34.05,CustomersIdentityConflictsReadRequest,CustomersIdentityConflictsReadResponse,Odczyt view modelu powierzchni Konflikty tożsamości; nie tworzy osobnego CRUD poza przypadkiem użycia.,contract.customers-identity-conflicts-read.test,used
customers.impact.read,authenticated user or system callback,customers.read,screen:34.07,CustomersImpactReadRequest,CustomersImpactReadResponse,Odczyt view modelu powierzchni Analiza wpływu; nie tworzy osobnego CRUD poza przypadkiem użycia.,contract.customers-impact-read.test,used
customers.overview.read,authenticated user or system callback,customers.read,screen:34.01 | e2e:E2E_90_11_01_klienci,CustomersOverviewReadRequest,CustomersOverviewReadResponse,Odczyt view modelu powierzchni Przegląd; nie tworzy osobnego CRUD poza przypadkiem użycia.,contract.customers-overview-read.test,used
customers.privacy.read,authenticated user or system callback,customers.read,screen:34.06,CustomersPrivacyReadRequest,CustomersPrivacyReadResponse,Odczyt view modelu powierzchni Prywatność; nie tworzy osobnego CRUD poza przypadkiem użycia.,contract.customers-privacy-read.test,used
customers.pseudonymized-detail.read,authenticated user or system callback,customers.read,screen:34.04,CustomersPseudonymizedDetailReadRequest,CustomersPseudonymizedDetailReadResponse,Odczyt view modelu powierzchni Szczegóły pseudonimizowane; nie tworzy osobnego CRUD poza przypadkiem użycia.,contract.customers-pseudonymized-detail-read.test,used
customers.read,authenticated user or system callback,customers.read,contract-test:customers-read,CustomersReadRequest,CustomersReadResponse,bazowy odczyt domeny customers,contract.customers-read.test,support-contract
customers.segment.analyze,authenticated user or system callback,customers.read,e2e:E2E_90_11_02_segment,CustomersSegmentAnalyzeRequest,CustomersSegmentAnalyzeResponse,analiza segmentu,contract.customers-segment-analyze.test,used
customers.segments.read,authenticated user or system callback,customers.read,screen:34.02,CustomersSegmentsReadRequest,CustomersSegmentsReadResponse,Odczyt view modelu powierzchni Segmenty; nie tworzy osobnego CRUD poza przypadkiem użycia.,contract.customers-segments-read.test,used
customers.write,authenticated user or system callback,customers.write,contract-test:customers-write,CustomersWriteRequest,CustomersWriteResponse,bazowa operacja zapisu domeny customers,contract.customers-write.test,support-contract
data-quality.center.read,authenticated user or system callback,data-quality.read,screen:41.01,DataQualityCenterReadRequest,DataQualityCenterReadResponse,Odczyt view modelu powierzchni Centrum jakości; nie tworzy osobnego CRUD poza przypadkiem użycia.,contract.data-quality-center-read.test,used
data-quality.conflicts.read,authenticated user or system callback,data-quality.read,screen:41.06 | e2e:E2E_90_04_07_problem-danych | e2e:E2E_90_07_02_problem-jakosci | e2e:E2E_90_08_03_konflikt,DataQualityConflictsReadRequest,DataQualityConflictsReadResponse,Odczyt view modelu powierzchni Konflikty; nie tworzy osobnego CRUD poza przypadkiem użycia.,contract.data-quality-conflicts-read.test,used
data-quality.dataset.read,authenticated user or system callback,data-quality.read,screen:41.02,DataQualityDatasetReadRequest,DataQualityDatasetReadResponse,Odczyt view modelu powierzchni Zbiór danych; nie tworzy osobnego CRUD poza przypadkiem użycia.,contract.data-quality-dataset-read.test,used
data-quality.lineage.read,authenticated user or system callback,data-quality.read,screen:41.03 | e2e:E2E_90_04_06_lineage | e2e:E2E_90_07_03_lineage,DataQualityLineageReadRequest,DataQualityLineageReadResponse,Odczyt view modelu powierzchni Pochodzenie danych; nie tworzy osobnego CRUD poza przypadkiem użycia.,contract.data-quality-lineage-read.test,used
data-quality.manual-review.read,authenticated user or system callback,data-quality.read,screen:41.07,DataQualityManualReviewReadRequest,DataQualityManualReviewReadResponse,Odczyt view modelu powierzchni Przegląd ręczny; nie tworzy osobnego CRUD poza przypadkiem użycia.,contract.data-quality-manual-review-read.test,used
data-quality.manual-review.submit,authenticated user or system callback,data-quality.write,e2e:E2E_90_07_05_przeglad-reczny | e2e:E2E_90_08_04_przeglad-reczny,DataQualityManualReviewSubmitRequest,DataQualityManualReviewSubmitResponse,zatwierdzenie przeglądu ręcznego,contract.data-quality-manual-review-submit.test,used
data-quality.read,authenticated user or system callback,data-quality.read,contract-test:data-quality-read,DataQualityReadRequest,DataQualityReadResponse,bazowy odczyt domeny data-quality,contract.data-quality-read.test,support-contract
data-quality.readiness.read,authenticated user or system callback,data-quality.read,e2e:E2E_90_02_05_dane-czesciowe | e2e:E2E_90_05_06_dane-czesciowe | e2e:E2E_90_05_07_gotowosc | e2e:E2E_90_07_01_status-danych | e2e:E2E_90_07_07_gotowosc-poprawiona,DataQualityReadinessReadRequest,DataQualityReadinessReadResponse,odczyt readiness danych,contract.data-quality-readiness-read.test,used
data-quality.reconciliation.confirm,authenticated user or system callback,data-quality.write,e2e:E2E_90_08_06_rekoncyliacja,DataQualityReconciliationConfirmRequest,DataQualityReconciliationConfirmResponse,potwierdzenie rekoncyliacji,contract.data-quality-reconciliation-confirm.test,used
data-quality.reconciliation.read,authenticated user or system callback,data-quality.read,screen:41.09,DataQualityReconciliationReadRequest,DataQualityReconciliationReadResponse,Odczyt view modelu powierzchni Rekoncyliacja; nie tworzy osobnego CRUD poza przypadkiem użycia.,contract.data-quality-reconciliation-read.test,used
data-quality.reprocess.start,authenticated user or system callback,data-quality.write,e2e:E2E_90_07_06_ponowne-przetwarzanie | e2e:E2E_90_08_05_ponowne-przetwarzanie,DataQualityReprocessStartRequest,DataQualityReprocessStartResponse,ponowne przetwarzanie danych,contract.data-quality-reprocess-start.test,used
data-quality.reprocessing.read,authenticated user or system callback,data-quality.read,screen:41.08,DataQualityReprocessingReadRequest,DataQualityReprocessingReadResponse,Odczyt view modelu powierzchni Ponowne przetwarzanie; nie tworzy osobnego CRUD poza przypadkiem użycia.,contract.data-quality-reprocessing-read.test,used
data-quality.source-overlap.read,authenticated user or system callback,data-quality.read,screen:41.04,DataQualitySourceOverlapReadRequest,DataQualitySourceOverlapReadResponse,Odczyt view modelu powierzchni Nakładanie źródeł; nie tworzy osobnego CRUD poza przypadkiem użycia.,contract.data-quality-source-overlap-read.test,used
data-quality.source-priority.read,authenticated user or system callback,data-quality.read,screen:41.05 | e2e:E2E_90_07_04_nadrzednosc-zrodla,DataQualitySourcePriorityReadRequest,DataQualitySourcePriorityReadResponse,Odczyt view modelu powierzchni Nadrzędność źródła; nie tworzy osobnego CRUD poza przypadkiem użycia.,contract.data-quality-source-priority-read.test,used
data-quality.write,authenticated user or system callback,data-quality.write,contract-test:data-quality-write,DataQualityWriteRequest,DataQualityWriteResponse,bazowa operacja zapisu domeny data-quality,contract.data-quality-write.test,support-contract
decisions.action-brief.read,authenticated user or system callback,decisions.read,screen:80.05,DecisionsActionBriefReadRequest,DecisionsActionBriefReadResponse,Odczyt view modelu powierzchni Brief działania; nie tworzy osobnego CRUD poza przypadkiem użycia.,contract.decisions-action-brief-read.test,used
decisions.action-detail.read,authenticated user or system callback,decisions.read,screen:80.06 | e2e:E2E_90_13_04_dzialanie,DecisionsActionDetailReadRequest,DecisionsActionDetailReadResponse,Odczyt view modelu powierzchni Szczegóły działania; nie tworzy osobnego CRUD poza przypadkiem użycia.,contract.decisions-action-detail-read.test,used
decisions.action-library.read,authenticated user or system callback,decisions.read,screen:80.08,DecisionsActionLibraryReadRequest,DecisionsActionLibraryReadResponse,Odczyt view modelu powierzchni Biblioteka działań; nie tworzy osobnego CRUD poza przypadkiem użycia.,contract.decisions-action-library-read.test,used
decisions.action.brief.create,authenticated user or system callback,decisions.write,e2e:E2E_90_11_06_dzialanie | e2e:E2E_90_12_06_dzialanie-marketingowe | e2e:E2E_90_13_03_brief | e2e:E2E_90_15_06_propozycja-dzialania,DecisionsActionBriefCreateRequest,DecisionsActionBriefCreateResponse,utworzenie briefu działania,contract.decisions-action-brief-create.test,used
decisions.center.read,authenticated user or system callback,decisions.read,screen:80.01 | e2e:E2E_90_15_04_review,DecisionsCenterReadRequest,DecisionsCenterReadResponse,Odczyt view modelu powierzchni Centrum decyzji; nie tworzy osobnego CRUD poza przypadkiem użycia.,contract.decisions-center-read.test,used
decisions.decision.record,authenticated user or system callback,decisions.write,e2e:E2E_90_09_05_decyzja | e2e:E2E_90_10_05_zatwierdzenie | e2e:E2E_90_11_05_decyzja | e2e:E2E_90_13_02_decyzja | e2e:E2E_90_15_05_decyzja,DecisionsDecisionRecordRequest,DecisionsDecisionRecordResponse,zapis decyzji,contract.decisions-decision-record.test,used
decisions.measurement.read,authenticated user or system callback,decisions.read,screen:80.07 | e2e:E2E_90_09_06_pomiar | e2e:E2E_90_10_06_pomiar-rezultatu | e2e:E2E_90_13_05_pomiar | e2e:E2E_90_15_08_pomiar | e2e:E2E_90_16_11_outcome,DecisionsMeasurementReadRequest,DecisionsMeasurementReadResponse,Odczyt view modelu powierzchni Pomiar; nie tworzy osobnego CRUD poza przypadkiem użycia.,contract.decisions-measurement-read.test,used
decisions.observation.create,authenticated user or system callback,decisions.write,e2e:E2E_90_13_01_obserwacja,DecisionsObservationCreateRequest,DecisionsObservationCreateResponse,utworzenie obserwacji,contract.decisions-observation-create.test,used
decisions.observations.read,authenticated user or system callback,decisions.read,screen:80.02,DecisionsObservationsReadRequest,DecisionsObservationsReadResponse,Odczyt view modelu powierzchni Obserwacje; nie tworzy osobnego CRUD poza przypadkiem użycia.,contract.decisions-observations-read.test,used
decisions.recommendation.read,authenticated user or system callback,decisions.read,e2e:E2E_90_02_07_rekomendacja | e2e:E2E_90_09_04_rekomendacja-papa | e2e:E2E_90_11_04_rekomendacja | e2e:E2E_90_12_05_rekomendacja | e2e:E2E_90_15_01_rekomendacja | e2e:E2E_90_15_02_warianty,DecisionsRecommendationReadRequest,DecisionsRecommendationReadResponse,odczyt rekomendacji,contract.decisions-recommendation-read.test,used
decisions.registry.read,authenticated user or system callback,decisions.read,screen:80.04 | e2e:E2E_90_13_07_wniosek,DecisionsRegistryReadRequest,DecisionsRegistryReadResponse,Odczyt view modelu powierzchni Rejestr decyzji; nie tworzy osobnego CRUD poza przypadkiem użycia.,contract.decisions-registry-read.test,used
decisions.rekomendacje.read,authenticated user or system callback,decisions.read,screen:80.03,DecisionsRekomendacjeReadRequest,DecisionsRekomendacjeReadResponse,Odczyt view modelu powierzchni Rekomendacje; nie tworzy osobnego CRUD poza przypadkiem użycia.,contract.decisions-rekomendacje-read.test,used
decisions.relations.read,authenticated user or system callback,decisions.read,screen:80.09,DecisionsRelationsReadRequest,DecisionsRelationsReadResponse,Odczyt view modelu powierzchni Powiązania z modułami i sprawami; nie tworzy osobnego CRUD poza przypadkiem użycia.,contract.decisions-relations-read.test,used
help.home.read,authenticated user or system callback,help.read,screen:85.01,HelpHomeReadRequest,HelpHomeReadResponse,Odczyt view modelu powierzchni Strona główna pomocy; nie tworzy osobnego CRUD poza przypadkiem użycia.,contract.help-home-read.test,used
help.procedure-detail.read,authenticated user or system callback,help.read,screen:85.04,HelpProcedureDetailReadRequest,HelpProcedureDetailReadResponse,Odczyt view modelu powierzchni Szczegóły procedury; nie tworzy osobnego CRUD poza przypadkiem użycia.,contract.help-procedure-detail-read.test,used
help.procedures.read,authenticated user or system callback,help.read,screen:85.02,HelpProceduresReadRequest,HelpProceduresReadResponse,Odczyt view modelu powierzchni Procedury; nie tworzy osobnego CRUD poza przypadkiem użycia.,contract.help-procedures-read.test,used
help.read,authenticated user or system callback,help.read,contract-test:help-read,HelpReadRequest,HelpReadResponse,bazowy odczyt domeny help,contract.help-read.test,support-contract
help.results.read,authenticated user or system callback,help.read,screen:85.03,HelpResultsReadRequest,HelpResultsReadResponse,Odczyt view modelu powierzchni Lista wyników; nie tworzy osobnego CRUD poza przypadkiem użycia.,contract.help-results-read.test,used
help.support-request.read,authenticated user or system callback,help.read,screen:85.05,HelpSupportRequestReadRequest,HelpSupportRequestReadResponse,Odczyt view modelu powierzchni Zgłoszenie wsparcia; nie tworzy osobnego CRUD poza przypadkiem użycia.,contract.help-support-request-read.test,used
help.write,authenticated user or system callback,help.write,contract-test:help-write,HelpWriteRequest,HelpWriteResponse,bazowa operacja zapisu domeny help,contract.help-write.test,support-contract
integrations.catalog.read,authenticated user or system callback,integrations.read,screen:40.01 | e2e:E2E_90_05_01_katalog-integracji,IntegrationsCatalogReadRequest,IntegrationsCatalogReadResponse,Odczyt view modelu powierzchni Katalog integracji; nie tworzy osobnego CRUD poza przypadkiem użycia.,contract.integrations-catalog-read.test,used
integrations.connection-wizard.read,authenticated user or system callback,integrations.read,screen:40.02,IntegrationsConnectionWizardReadRequest,IntegrationsConnectionWizardReadResponse,Odczyt view modelu powierzchni Kreator połączenia; nie tworzy osobnego CRUD poza przypadkiem użycia.,contract.integrations-connection-wizard-read.test,used
integrations.connection.create,authenticated user or system callback,integrations.write,e2e:E2E_90_01_06_polaczenie-integracji | e2e:E2E_90_02_04_integracja | e2e:E2E_90_05_02_kreator-polaczenia,IntegrationsConnectionCreateRequest,IntegrationsConnectionCreateResponse,utworzenie połączenia integracji,contract.integrations-connection-create.test,used
integrations.detail.read,authenticated user or system callback,integrations.read,screen:40.03 | e2e:E2E_90_04_04_zrodlo | e2e:E2E_90_06_02_szczegoly-integracji,IntegrationsDetailReadRequest,IntegrationsDetailReadResponse,Odczyt view modelu powierzchni Szczegóły integracji; nie tworzy osobnego CRUD poza przypadkiem użycia.,contract.integrations-detail-read.test,used
integrations.disconnect.read,authenticated user or system callback,integrations.read,screen:40.08,IntegrationsDisconnectReadRequest,IntegrationsDisconnectReadResponse,Odczyt view modelu powierzchni Odłączenie; nie tworzy osobnego CRUD poza przypadkiem użycia.,contract.integrations-disconnect-read.test,used
integrations.oauth.callback,authenticated user or system callback,integrations.write,e2e:E2E_90_05_03_oauth-lub-api-key,IntegrationsOauthCallbackRequest,IntegrationsOauthCallbackResponse,callback integracji OAuth,contract.integrations-oauth-callback.test,used
integrations.provider-outage.read,authenticated user or system callback,integrations.read,screen:40.09 | e2e:E2E_90_06_01_alert-integracji,IntegrationsProviderOutageReadRequest,IntegrationsProviderOutageReadResponse,Odczyt view modelu powierzchni Awaria providera; nie tworzy osobnego CRUD poza przypadkiem użycia.,contract.integrations-provider-outage-read.test,used
integrations.read,authenticated user or system callback,integrations.read,contract-test:integrations-read,IntegrationsReadRequest,IntegrationsReadResponse,bazowy odczyt domeny integrations,contract.integrations-read.test,support-contract
integrations.reconnect.read,authenticated user or system callback,integrations.read,screen:40.07,IntegrationsReconnectReadRequest,IntegrationsReconnectReadResponse,Odczyt view modelu powierzchni Ponowne połączenie; nie tworzy osobnego CRUD poza przypadkiem użycia.,contract.integrations-reconnect-read.test,used
integrations.reconnect.start,authenticated user or system callback,integrations.write,e2e:E2E_90_06_03_ponowne-polaczenie,IntegrationsReconnectStartRequest,IntegrationsReconnectStartResponse,ponowne połączenie integracji,contract.integrations-reconnect-start.test,used
integrations.sync-history.read,authenticated user or system callback,integrations.read,screen:40.04 | e2e:E2E_90_06_06_potwierdzenie,IntegrationsSyncHistoryReadRequest,IntegrationsSyncHistoryReadResponse,Odczyt view modelu powierzchni Historia synchronizacji; nie tworzy osobnego CRUD poza przypadkiem użycia.,contract.integrations-sync-history-read.test,used
integrations.sync-run.read,authenticated user or system callback,integrations.read,screen:40.05,IntegrationsSyncRunReadRequest,IntegrationsSyncRunReadResponse,Odczyt view modelu powierzchni Przebieg synchronizacji; nie tworzy osobnego CRUD poza przypadkiem użycia.,contract.integrations-sync-run-read.test,used
integrations.sync-scope.read,authenticated user or system callback,integrations.read,screen:40.06 | e2e:E2E_90_05_04_zakres-synchronizacji,IntegrationsSyncScopeReadRequest,IntegrationsSyncScopeReadResponse,Odczyt view modelu powierzchni Zakres synchronizacji; nie tworzy osobnego CRUD poza przypadkiem użycia.,contract.integrations-sync-scope-read.test,used
integrations.sync.resume,authenticated user or system callback,integrations.write,e2e:E2E_90_06_05_wznowienie-synchronizacji,IntegrationsSyncResumeRequest,IntegrationsSyncResumeResponse,wznowienie synchronizacji,contract.integrations-sync-resume.test,used
integrations.sync.start,authenticated user or system callback,integrations.write,e2e:E2E_90_01_07_pierwsza-synchronizacja | e2e:E2E_90_05_05_synchronizacja,IntegrationsSyncStartRequest,IntegrationsSyncStartResponse,uruchomienie synchronizacji,contract.integrations-sync-start.test,used
integrations.write,authenticated user or system callback,integrations.write,contract-test:integrations-write,IntegrationsWriteRequest,IntegrationsWriteResponse,bazowa operacja zapisu domeny integrations,contract.integrations-write.test,support-contract
invitation.accept,authenticated user or system callback,auth.write,contract-test:invitation-accept,InvitationAcceptRequest,InvitationAcceptResponse,akceptacja zaproszenia,contract.invitation-accept.test,support-contract
invitation.read,authenticated user or system callback,invitation.read,contract-test:invitation-read,InvitationReadRequest,InvitationReadResponse,odczyt zaproszenia przed decyzją,contract.invitation-read.test,support-contract
invitation.reject,authenticated user or system callback,invitation.write,contract-test:invitation-reject,InvitationRejectRequest,InvitationRejectResponse,odrzucenie zaproszenia,contract.invitation-reject.test,support-contract
invitation.validate,authenticated user or system callback,auth.read,e2e:E2E_90_01_01_przeglad-zaproszenia | auth:auth-15,InvitationValidateRequest,InvitationValidateResponse,walidacja tokenu zaproszenia,contract.invitation-validate.test,used
mobile.device.manage,authenticated user or system callback,mobile.write,contract-test:mobile-device-manage,MobileDeviceManageRequest,MobileDeviceManageResponse,zarządzanie sparowanym urządzeniem mobilnym,contract.mobile-device-manage.test,support-contract
mobile.invite,authenticated user or system callback,mobile.write,contract-test:mobile-invite,MobileInviteRequest,MobileInviteResponse,zaproszenie użytkownika do aplikacji mobilnej,contract.mobile-invite.test,support-contract
mobile.use,authenticated user or system callback,mobile.read,contract-test:mobile-use,MobileUseRequest,MobileUseResponse,użycie aplikacji mobilnej i status urządzenia,contract.mobile-use.test,support-contract
onboarding.profile.update,authenticated user or system callback,workspace.write,e2e:E2E_90_01_05_onboarding | e2e:E2E_90_02_01_profil-dzialalnosci,OnboardingProfileUpdateRequest,OnboardingProfileUpdateResponse,profil działalności,contract.onboarding-profile-update.test,used
onboarding.progress.read,authenticated user or system callback,workspace.read,contract-test:onboarding-progress-read,OnboardingProgressReadRequest,OnboardingProgressReadResponse,postęp onboardingu,contract.onboarding-progress-read.test,support-contract
orders.detail.read,authenticated user or system callback,orders.read,screen:32.03 | e2e:E2E_90_04_05_rekord-zrodlowy,OrdersDetailReadRequest,OrdersDetailReadResponse,Odczyt view modelu powierzchni Szczegóły; nie tworzy osobnego CRUD poza przypadkiem użycia.,contract.orders-detail-read.test,used
orders.eksport.read,authenticated user or system callback,orders.read,screen:32.07,OrdersEksportReadRequest,OrdersEksportReadResponse,Odczyt view modelu powierzchni Eksport; nie tworzy osobnego CRUD poza przypadkiem użycia.,contract.orders-eksport-read.test,used
orders.list.read,authenticated user or system callback,orders.read,screen:32.02 | e2e:E2E_90_04_03_tabela-alternatywna,OrdersListReadRequest,OrdersListReadResponse,Odczyt view modelu powierzchni Lista; nie tworzy osobnego CRUD poza przypadkiem użycia.,contract.orders-list-read.test,used
orders.os-zdarzen.read,authenticated user or system callback,orders.read,screen:32.04,OrdersOsZdarzenReadRequest,OrdersOsZdarzenReadResponse,Odczyt view modelu powierzchni Oś zdarzeń; nie tworzy osobnego CRUD poza przypadkiem użycia.,contract.orders-os-zdarzen-read.test,used
orders.overview.read,authenticated user or system callback,orders.read,screen:32.01,OrdersOverviewReadRequest,OrdersOverviewReadResponse,Odczyt view modelu powierzchni Przegląd; nie tworzy osobnego CRUD poza przypadkiem użycia.,contract.orders-overview-read.test,used
orders.porownanie-zrodel.read,authenticated user or system callback,orders.read,screen:32.05,OrdersPorownanieZrodelReadRequest,OrdersPorownanieZrodelReadResponse,Odczyt view modelu powierzchni Porównanie źródeł; nie tworzy osobnego CRUD poza przypadkiem użycia.,contract.orders-porownanie-zrodel-read.test,used
orders.read,authenticated user or system callback,orders.read,contract-test:orders-read,OrdersReadRequest,OrdersReadResponse,bazowy odczyt domeny orders,contract.orders-read.test,support-contract
orders.rekoncyliacja-skrot.read,authenticated user or system callback,orders.read,screen:32.06,OrdersRekoncyliacjaSkrotReadRequest,OrdersRekoncyliacjaSkrotReadResponse,Odczyt view modelu powierzchni Rekoncyliacja — skrót; nie tworzy osobnego CRUD poza przypadkiem użycia.,contract.orders-rekoncyliacja-skrot-read.test,used
orders.write,authenticated user or system callback,orders.write,contract-test:orders-write,OrdersWriteRequest,OrdersWriteResponse,bazowa operacja zapisu domeny orders,contract.orders-write.test,support-contract
papa.action-approval.read,authenticated user or system callback,ai.read,screen:50.12,PapaActionApprovalReadRequest,PapaActionApprovalReadResponse,Odczyt view modelu powierzchni AI Action Approval; nie tworzy osobnego CRUD poza przypadkiem użycia.,contract.papa-action-approval-read.test,used
papa.actions.read,authenticated user or system callback,ai.read,screen:50.13 | e2e:E2E_90_16_02_dokladna-operacja,PapaActionsReadRequest,PapaActionsReadResponse,Odczyt view modelu powierzchni AI Actions; nie tworzy osobnego CRUD poza przypadkiem użycia.,contract.papa-actions-read.test,used
papa.ai.action.approve,authenticated user or system callback,ai.write,e2e:E2E_90_16_08_approve-albo-reject,PapaAiActionApproveRequest,PapaAiActionApproveResponse,zatwierdzenie działania AI,contract.papa-ai-action-approve.test,used
papa.ai.action.execute,authenticated user or system callback,ai.write,e2e:E2E_90_16_09_wykonanie,PapaAiActionExecuteRequest,PapaAiActionExecuteResponse,wykonanie działania AI,contract.papa-ai-action-execute.test,used
papa.ai.action.reject,authenticated user or system callback,ai.write,contract-test:papa-ai-action-reject,PapaAiActionRejectRequest,PapaAiActionRejectResponse,odrzucenie działania AI,contract.papa-ai-action-reject.test,support-contract
papa.ai.action.rollback,authenticated user or system callback,ai.write,e2e:E2E_90_16_05_rollback,PapaAiActionRollbackRequest,PapaAiActionRollbackResponse,rollback działania AI,contract.papa-ai-action-rollback.test,used
papa.ai.action.validate,authenticated user or system callback,ai.write,e2e:E2E_90_16_01_policy-check | e2e:E2E_90_16_03_cel,PapaAiActionValidateRequest,PapaAiActionValidateResponse,walidacja działania AI,contract.papa-ai-action-validate.test,used
papa.answer.generate,authenticated user or system callback,ai.write,e2e:E2E_90_14_05_odpowiedz,PapaAnswerGenerateRequest,PapaAnswerGenerateResponse,generowanie odpowiedzi Papa,contract.papa-answer-generate.test,used
papa.answer.read,authenticated user or system callback,ai.read,screen:50.05,PapaAnswerReadRequest,PapaAnswerReadResponse,Odczyt view modelu powierzchni Odpowiedź Papa; nie tworzy osobnego CRUD poza przypadkiem użycia.,contract.papa-answer-read.test,used
papa.assistant-shell.read,authenticated user or system callback,ai.read,screen:50.02,PapaAssistantShellReadRequest,PapaAssistantShellReadResponse,Odczyt view modelu powierzchni AssistantShell; nie tworzy osobnego CRUD poza przypadkiem użycia.,contract.papa-assistant-shell-read.test,used
papa.context-basket.read,authenticated user or system callback,ai.read,screen:50.04,PapaContextBasketReadRequest,PapaContextBasketReadResponse,Odczyt view modelu powierzchni Context basket; nie tworzy osobnego CRUD poza przypadkiem użycia.,contract.papa-context-basket-read.test,used
papa.context-panel.read,authenticated user or system callback,ai.read,screen:50.01 | e2e:E2E_90_14_02_otwarcie-papa,PapaContextPanelReadRequest,PapaContextPanelReadResponse,Odczyt view modelu powierzchni Panel kontekstowy Papa; nie tworzy osobnego CRUD poza przypadkiem użycia.,contract.papa-context-panel-read.test,used
papa.context.capture,authenticated user or system callback,ai.write,e2e:E2E_90_14_03_snapshot-kontekstu,PapaContextCaptureRequest,PapaContextCaptureResponse,snapshot kontekstu Papa,contract.papa-context-capture.test,used
papa.evidence.read,authenticated user or system callback,ai.read,screen:50.06 | e2e:E2E_90_09_03_dowody | e2e:E2E_90_14_04_dowody | e2e:E2E_90_15_03_dowody-ryzyko-i-wysilek,PapaEvidenceReadRequest,PapaEvidenceReadResponse,Odczyt view modelu powierzchni Dowody; nie tworzy osobnego CRUD poza przypadkiem użycia.,contract.papa-evidence-read.test,used
papa.governance.read,authenticated user or system callback,ai.read,screen:50.16 | e2e:E2E_90_14_06_ograniczenia | e2e:E2E_90_16_06_capability,PapaGovernanceReadRequest,PapaGovernanceReadResponse,Odczyt view modelu powierzchni Ustawienia AI i Governance; nie tworzy osobnego CRUD poza przypadkiem użycia.,contract.papa-governance-read.test,used
papa.history-memory.read,authenticated user or system callback,ai.read,screen:50.15,PapaHistoryMemoryReadRequest,PapaHistoryMemoryReadResponse,Odczyt view modelu powierzchni Historia i pamięć Papa; nie tworzy osobnego CRUD poza przypadkiem użycia.,contract.papa-history-memory-read.test,used
papa.lab.read,authenticated user or system callback,ai.read,screen:50.08,PapaLabReadRequest,PapaLabReadResponse,Odczyt view modelu powierzchni Laboratorium AI; nie tworzy osobnego CRUD poza przypadkiem użycia.,contract.papa-lab-read.test,used
papa.observation.save,authenticated user or system callback,ai.write,e2e:E2E_90_14_07_zapis-lub-odrzucenie-obserwacji,PapaObservationSaveRequest,PapaObservationSaveResponse,zapis obserwacji Papa,contract.papa-observation-save.test,used
papa.observations.read,authenticated user or system callback,ai.read,screen:50.09,PapaObservationsReadRequest,PapaObservationsReadResponse,Odczyt view modelu powierzchni Obserwacje; nie tworzy osobnego CRUD poza przypadkiem użycia.,contract.papa-observations-read.test,used
papa.proposals.read,authenticated user or system callback,ai.read,screen:50.11,PapaProposalsReadRequest,PapaProposalsReadResponse,Odczyt view modelu powierzchni Propozycje AI; nie tworzy osobnego CRUD poza przypadkiem użycia.,contract.papa-proposals-read.test,used
papa.read,authenticated user or system callback,papa.read,contract-test:papa-read,PapaReadRequest,PapaReadResponse,bazowy odczyt domeny papa,contract.papa-read.test,support-contract
papa.write,authenticated user or system callback,papa.write,contract-test:papa-write,PapaWriteRequest,PapaWriteResponse,bazowa operacja zapisu domeny papa,contract.papa-write.test,support-contract
products.catalog.read,authenticated user or system callback,products.read,screen:33.02,ProductsCatalogReadRequest,ProductsCatalogReadResponse,Odczyt view modelu powierzchni Katalog; nie tworzy osobnego CRUD poza przypadkiem użycia.,contract.products-catalog-read.test,used
products.detail.read,authenticated user or system callback,products.read,screen:33.03 | e2e:E2E_90_08_01_produkt,ProductsDetailReadRequest,ProductsDetailReadResponse,Odczyt view modelu powierzchni Szczegóły; nie tworzy osobnego CRUD poza przypadkiem użycia.,contract.products-detail-read.test,used
products.gaps.queue.read,authenticated user or system callback,products.read,screen:33.07,ProductsGapsQueueReadRequest,ProductsGapsQueueReadResponse,Odczyt view modelu powierzchni Kolejka braków; nie tworzy osobnego CRUD poza przypadkiem użycia.,contract.products-gaps-queue-read.test,used
products.impact.read,authenticated user or system callback,products.read,screen:33.08 | e2e:E2E_90_16_04_wplyw,ProductsImpactReadRequest,ProductsImpactReadResponse,Odczyt view modelu powierzchni Analiza wpływu; nie tworzy osobnego CRUD poza przypadkiem użycia.,contract.products-impact-read.test,used
products.mapping.read,authenticated user or system callback,products.read,screen:33.04,ProductsMappingReadRequest,ProductsMappingReadResponse,Odczyt view modelu powierzchni Mapowanie; nie tworzy osobnego CRUD poza przypadkiem użycia.,contract.products-mapping-read.test,used
products.mapping.update,authenticated user or system callback,products.write,e2e:E2E_90_08_02_mapowanie,ProductsMappingUpdateRequest,ProductsMappingUpdateResponse,aktualizacja mapowania produktu,contract.products-mapping-update.test,used
products.offers.read,authenticated user or system callback,products.read,screen:33.05,ProductsOffersReadRequest,ProductsOffersReadResponse,Odczyt view modelu powierzchni Oferty; nie tworzy osobnego CRUD poza przypadkiem użycia.,contract.products-offers-read.test,used
products.overview.read,authenticated user or system callback,products.read,screen:33.01,ProductsOverviewReadRequest,ProductsOverviewReadResponse,Odczyt view modelu powierzchni Przegląd; nie tworzy osobnego CRUD poza przypadkiem użycia.,contract.products-overview-read.test,used
products.performance.read,authenticated user or system callback,products.read,screen:33.06,ProductsPerformanceReadRequest,ProductsPerformanceReadResponse,Odczyt view modelu powierzchni Wydajność; nie tworzy osobnego CRUD poza przypadkiem użycia.,contract.products-performance-read.test,used
products.read,authenticated user or system callback,products.read,contract-test:products-read,ProductsReadRequest,ProductsReadResponse,bazowy odczyt domeny products,contract.products-read.test,support-contract
products.write,authenticated user or system callback,products.write,contract-test:products-write,ProductsWriteRequest,ProductsWriteResponse,bazowa operacja zapisu domeny products,contract.products-write.test,support-contract
settings.account-security.read,authenticated user or system callback,settings.read,screen:60.05,SettingsAccountSecurityReadRequest,SettingsAccountSecurityReadResponse,Odczyt view modelu powierzchni Bezpieczeństwo konta; nie tworzy osobnego CRUD poza przypadkiem użycia.,contract.settings-account-security-read.test,used
settings.audit.read,authenticated user or system callback,settings.read,screen:60.07 | e2e:E2E_90_16_10_audyt,SettingsAuditReadRequest,SettingsAuditReadResponse,Odczyt view modelu powierzchni Audyt; nie tworzy osobnego CRUD poza przypadkiem użycia.,contract.settings-audit-read.test,used
settings.memberships.read,authenticated user or system callback,settings.read,screen:60.03,SettingsMembershipsReadRequest,SettingsMembershipsReadResponse,Odczyt view modelu powierzchni Członkostwa; nie tworzy osobnego CRUD poza przypadkiem użycia.,contract.settings-memberships-read.test,used
settings.organization.read,authenticated user or system callback,settings.read,screen:60.01,SettingsOrganizationReadRequest,SettingsOrganizationReadResponse,Odczyt view modelu powierzchni Organizacja; nie tworzy osobnego CRUD poza przypadkiem użycia.,contract.settings-organization-read.test,used
settings.privacy.read,authenticated user or system callback,settings.read,screen:60.08,SettingsPrivacyReadRequest,SettingsPrivacyReadResponse,Odczyt view modelu powierzchni Prywatność; nie tworzy osobnego CRUD poza przypadkiem użycia.,contract.settings-privacy-read.test,used
settings.read,authenticated user or system callback,settings.read,contract-test:settings-read,SettingsReadRequest,SettingsReadResponse,bazowy odczyt domeny settings,contract.settings-read.test,support-contract
settings.roles.read,authenticated user or system callback,settings.read,screen:60.04,SettingsRolesReadRequest,SettingsRolesReadResponse,Odczyt view modelu powierzchni Role i uprawnienia; nie tworzy osobnego CRUD poza przypadkiem użycia.,contract.settings-roles-read.test,used
settings.sessions.read,authenticated user or system callback,settings.read,screen:60.06,SettingsSessionsReadRequest,SettingsSessionsReadResponse,Odczyt view modelu powierzchni Sesje; nie tworzy osobnego CRUD poza przypadkiem użycia.,contract.settings-sessions-read.test,used
settings.support-access.read,authenticated user or system callback,settings.read,screen:60.09,SettingsSupportAccessReadRequest,SettingsSupportAccessReadResponse,Odczyt view modelu powierzchni Dostęp wsparcia; nie tworzy osobnego CRUD poza przypadkiem użycia.,contract.settings-support-access-read.test,used
settings.workspace.profile.update,authenticated user or system callback,settings.write,contract-test:settings-workspace-profile-update,SettingsWorkspaceProfileUpdateRequest,SettingsWorkspaceProfileUpdateResponse,aktualizacja profilu workspace,contract.settings-workspace-profile-update.test,support-contract
settings.workspace.read,authenticated user or system callback,settings.read,screen:60.02,SettingsWorkspaceReadRequest,SettingsWorkspaceReadResponse,Odczyt view modelu powierzchni Workspace; nie tworzy osobnego CRUD poza przypadkiem użycia.,contract.settings-workspace-read.test,used
settings.write,authenticated user or system callback,settings.write,contract-test:settings-write,SettingsWriteRequest,SettingsWriteResponse,bazowa operacja zapisu domeny settings,contract.settings-write.test,support-contract
traffic.channels.read,authenticated user or system callback,traffic.read,screen:35.02,TrafficChannelsReadRequest,TrafficChannelsReadResponse,Odczyt view modelu powierzchni Kanały; nie tworzy osobnego CRUD poza przypadkiem użycia.,contract.traffic-channels-read.test,used
traffic.drop.diagnose,authenticated user or system callback,traffic.read,e2e:E2E_90_12_04_diagnoza,TrafficDropDiagnoseRequest,TrafficDropDiagnoseResponse,diagnoza spadku ruchu,contract.traffic-drop-diagnose.test,used
traffic.event-quality.read,authenticated user or system callback,traffic.read,screen:35.07 | e2e:E2E_90_12_03_wykrycie-spadku,TrafficEventQualityReadRequest,TrafficEventQualityReadResponse,Odczyt view modelu powierzchni Jakość zdarzeń; nie tworzy osobnego CRUD poza przypadkiem użycia.,contract.traffic-event-quality-read.test,used
traffic.funnel-definitions.read,authenticated user or system callback,traffic.read,screen:35.05,TrafficFunnelDefinitionsReadRequest,TrafficFunnelDefinitionsReadResponse,Odczyt view modelu powierzchni Definicje lejka; nie tworzy osobnego CRUD poza przypadkiem użycia.,contract.traffic-funnel-definitions-read.test,used
traffic.funnel-step.read,authenticated user or system callback,traffic.read,screen:35.04,TrafficFunnelStepReadRequest,TrafficFunnelStepReadResponse,Odczyt view modelu powierzchni Lejek — szczegóły kroku; nie tworzy osobnego CRUD poza przypadkiem użycia.,contract.traffic-funnel-step-read.test,used
traffic.funnel.read,authenticated user or system callback,traffic.read,screen:35.03 | e2e:E2E_90_12_02_lejek,TrafficFunnelReadRequest,TrafficFunnelReadResponse,Odczyt view modelu powierzchni Lejek — widok; nie tworzy osobnego CRUD poza przypadkiem użycia.,contract.traffic-funnel-read.test,used
traffic.ga4-orders.read,authenticated user or system callback,traffic.read,screen:35.06,TrafficGa4OrdersReadRequest,TrafficGa4OrdersReadResponse,Odczyt view modelu powierzchni GA4 vs zamówienia; nie tworzy osobnego CRUD poza przypadkiem użycia.,contract.traffic-ga4-orders-read.test,used
traffic.landing-pages.read,authenticated user or system callback,traffic.read,screen:35.08,TrafficLandingPagesReadRequest,TrafficLandingPagesReadResponse,Odczyt view modelu powierzchni Strony wejścia; nie tworzy osobnego CRUD poza przypadkiem użycia.,contract.traffic-landing-pages-read.test,used
traffic.overview.read,authenticated user or system callback,traffic.read,screen:35.01 | e2e:E2E_90_12_01_ruch,TrafficOverviewReadRequest,TrafficOverviewReadResponse,Odczyt view modelu powierzchni Przegląd ruchu; nie tworzy osobnego CRUD poza przypadkiem użycia.,contract.traffic-overview-read.test,used
traffic.read,authenticated user or system callback,traffic.read,contract-test:traffic-read,TrafficReadRequest,TrafficReadResponse,bazowy odczyt domeny traffic,contract.traffic-read.test,support-contract
traffic.write,authenticated user or system callback,traffic.write,contract-test:traffic-write,TrafficWriteRequest,TrafficWriteResponse,bazowa operacja zapisu domeny traffic,contract.traffic-write.test,support-contract
workspace.onboarding.update,authenticated user or system callback,workspace.write,contract-test:workspace-onboarding-update,WorkspaceOnboardingUpdateRequest,WorkspaceOnboardingUpdateResponse,aktualizacja kroku onboardingu,contract.workspace-onboarding-update.test,support-contract
workspace.resolve,authenticated user or system callback,workspace.read,contract-test:workspace-resolve,WorkspaceResolveRequest,WorkspaceResolveResponse,rozwiązanie kontekstu workspace,contract.workspace-resolve.test,support-contract
