schema_name,operation_id,direction,definition_file,root_type,required_fields,status,owner,version
AccessBootstrapRequest,access.bootstrap,request,contracts/api-schemas.json,AccessBootstrapRequest,context|metadata|input,approved-target,Artur Wiśniewski,1.0
AccessBootstrapResponse,access.bootstrap,response,contracts/api-schemas.json,AccessBootstrapResponse,operationId|correlationId|generatedAt|data|warnings,approved-target,Artur Wiśniewski,1.0
AccessResolveRequest,access.resolve,request,contracts/api-schemas.json,AccessResolveRequest,context|metadata|input,approved-target,Artur Wiśniewski,1.0
AccessResolveResponse,access.resolve,response,contracts/api-schemas.json,AccessResolveResponse,operationId|correlationId|generatedAt|data|warnings,approved-target,Artur Wiśniewski,1.0
AccessTenantSelectRequest,access.tenant.select,request,contracts/api-schemas.json,AccessTenantSelectRequest,context|metadata|input,approved-target,Artur Wiśniewski,1.0
AccessTenantSelectResponse,access.tenant.select,response,contracts/api-schemas.json,AccessTenantSelectResponse,operationId|correlationId|generatedAt|data|warnings,approved-target,Artur Wiśniewski,1.0
AccessTenantsListRequest,access.tenants.list,request,contracts/api-schemas.json,AccessTenantsListRequest,context,approved-target,Artur Wiśniewski,1.0
AccessTenantsListResponse,access.tenants.list,response,contracts/api-schemas.json,AccessTenantsListResponse,operationId|correlationId|generatedAt|data|warnings,approved-target,Artur Wiśniewski,1.0
AccessWorkspaceSelectRequest,access.workspace.select,request,contracts/api-schemas.json,AccessWorkspaceSelectRequest,context|metadata|input,approved-target,Artur Wiśniewski,1.0
AccessWorkspaceSelectResponse,access.workspace.select,response,contracts/api-schemas.json,AccessWorkspaceSelectResponse,operationId|correlationId|generatedAt|data|warnings,approved-target,Artur Wiśniewski,1.0
AccessWorkspacesListRequest,access.workspaces.list,request,contracts/api-schemas.json,AccessWorkspacesListRequest,context,approved-target,Artur Wiśniewski,1.0
AccessWorkspacesListResponse,access.workspaces.list,response,contracts/api-schemas.json,AccessWorkspacesListResponse,operationId|correlationId|generatedAt|data|warnings,approved-target,Artur Wiśniewski,1.0
ActionsReadRequest,actions.read,request,contracts/api-schemas.json,ActionsReadRequest,context,approved-target,Artur Wiśniewski,1.0
ActionsReadResponse,actions.read,response,contracts/api-schemas.json,ActionsReadResponse,operationId|correlationId|generatedAt|data|warnings,approved-target,Artur Wiśniewski,1.0
ActionsWriteRequest,actions.write,request,contracts/api-schemas.json,ActionsWriteRequest,context|metadata|input,approved-target,Artur Wiśniewski,1.0
ActionsWriteResponse,actions.write,response,contracts/api-schemas.json,ActionsWriteResponse,operationId|correlationId|generatedAt|data|warnings,approved-target,Artur Wiśniewski,1.0
AuthAccessBlockedReadRequest,auth.access.blocked.read,request,contracts/api-schemas.json,AuthAccessBlockedReadRequest,context,approved-target,Artur Wiśniewski,1.0
AuthAccessBlockedReadResponse,auth.access.blocked.read,response,contracts/api-schemas.json,AuthAccessBlockedReadResponse,operationId|correlationId|generatedAt|data|warnings,approved-target,Artur Wiśniewski,1.0
AuthAccessResolveRequest,auth.access.resolve,request,contracts/api-schemas.json,AuthAccessResolveRequest,context|metadata|input,approved-target,Artur Wiśniewski,1.0
AuthAccessResolveResponse,auth.access.resolve,response,contracts/api-schemas.json,AuthAccessResolveResponse,operationId|correlationId|generatedAt|data|warnings,approved-target,Artur Wiśniewski,1.0
AuthAccountLinkRequest,auth.account.link,request,contracts/api-schemas.json,AuthAccountLinkRequest,context|metadata|input,approved-target,Artur Wiśniewski,1.0
AuthAccountLinkResponse,auth.account.link,response,contracts/api-schemas.json,AuthAccountLinkResponse,operationId|correlationId|generatedAt|data|warnings,approved-target,Artur Wiśniewski,1.0
AuthConsentsAcceptRequest,auth.consents.accept,request,contracts/api-schemas.json,AuthConsentsAcceptRequest,context|metadata|input,approved-target,Artur Wiśniewski,1.0
AuthConsentsAcceptResponse,auth.consents.accept,response,contracts/api-schemas.json,AuthConsentsAcceptResponse,operationId|correlationId|generatedAt|data|warnings,approved-target,Artur Wiśniewski,1.0
AuthEmailResendRequest,auth.email.resend,request,contracts/api-schemas.json,AuthEmailResendRequest,context|metadata|input,approved-target,Artur Wiśniewski,1.0
AuthEmailResendResponse,auth.email.resend,response,contracts/api-schemas.json,AuthEmailResendResponse,operationId|correlationId|generatedAt|data|warnings,approved-target,Artur Wiśniewski,1.0
AuthEmailVerifyRequest,auth.email.verify,request,contracts/api-schemas.json,AuthEmailVerifyRequest,context|metadata|input,approved-target,Artur Wiśniewski,1.0
AuthEmailVerifyResponse,auth.email.verify,response,contracts/api-schemas.json,AuthEmailVerifyResponse,operationId|correlationId|generatedAt|data|warnings,approved-target,Artur Wiśniewski,1.0
AuthLoginRequest,auth.login,request,contracts/api-schemas.json,AuthLoginRequest,context|metadata|input,approved-target,Artur Wiśniewski,1.0
AuthLoginResponse,auth.login,response,contracts/api-schemas.json,AuthLoginResponse,operationId|correlationId|generatedAt|data|warnings,approved-target,Artur Wiśniewski,1.0
AuthLogoutRequest,auth.logout,request,contracts/api-schemas.json,AuthLogoutRequest,context|metadata|input,approved-target,Artur Wiśniewski,1.0
AuthLogoutResponse,auth.logout,response,contracts/api-schemas.json,AuthLogoutResponse,operationId|correlationId|generatedAt|data|warnings,approved-target,Artur Wiśniewski,1.0
AuthMfaConfirmRequest,auth.mfa.confirm,request,contracts/api-schemas.json,AuthMfaConfirmRequest,context|metadata|input,approved-target,Artur Wiśniewski,1.0
AuthMfaConfirmResponse,auth.mfa.confirm,response,contracts/api-schemas.json,AuthMfaConfirmResponse,operationId|correlationId|generatedAt|data|warnings,approved-target,Artur Wiśniewski,1.0
AuthMfaEnrollRequest,auth.mfa.enroll,request,contracts/api-schemas.json,AuthMfaEnrollRequest,context|metadata|input,approved-target,Artur Wiśniewski,1.0
AuthMfaEnrollResponse,auth.mfa.enroll,response,contracts/api-schemas.json,AuthMfaEnrollResponse,operationId|correlationId|generatedAt|data|warnings,approved-target,Artur Wiśniewski,1.0
AuthMfaVerifyRequest,auth.mfa.verify,request,contracts/api-schemas.json,AuthMfaVerifyRequest,context|metadata|input,approved-target,Artur Wiśniewski,1.0
AuthMfaVerifyResponse,auth.mfa.verify,response,contracts/api-schemas.json,AuthMfaVerifyResponse,operationId|correlationId|generatedAt|data|warnings,approved-target,Artur Wiśniewski,1.0
AuthOauthCallbackRequest,auth.oauth.callback,request,contracts/api-schemas.json,AuthOauthCallbackRequest,context|metadata|input,approved-target,Artur Wiśniewski,1.0
AuthOauthCallbackResponse,auth.oauth.callback,response,contracts/api-schemas.json,AuthOauthCallbackResponse,operationId|correlationId|generatedAt|data|warnings,approved-target,Artur Wiśniewski,1.0
AuthOauthStartRequest,auth.oauth.start,request,contracts/api-schemas.json,AuthOauthStartRequest,context|metadata|input,approved-target,Artur Wiśniewski,1.0
AuthOauthStartResponse,auth.oauth.start,response,contracts/api-schemas.json,AuthOauthStartResponse,operationId|correlationId|generatedAt|data|warnings,approved-target,Artur Wiśniewski,1.0
AuthPasswordRecoveryRequestRequest,auth.password.recovery.request,request,contracts/api-schemas.json,AuthPasswordRecoveryRequestRequest,context|metadata|input,approved-target,Artur Wiśniewski,1.0
AuthPasswordRecoveryRequestResponse,auth.password.recovery.request,response,contracts/api-schemas.json,AuthPasswordRecoveryRequestResponse,operationId|correlationId|generatedAt|data|warnings,approved-target,Artur Wiśniewski,1.0
AuthPasswordRecoveryTokenValidateRequest,auth.password.recovery.token.validate,request,contracts/api-schemas.json,AuthPasswordRecoveryTokenValidateRequest,context|metadata|input,approved-target,Artur Wiśniewski,1.0
AuthPasswordRecoveryTokenValidateResponse,auth.password.recovery.token.validate,response,contracts/api-schemas.json,AuthPasswordRecoveryTokenValidateResponse,operationId|correlationId|generatedAt|data|warnings,approved-target,Artur Wiśniewski,1.0
AuthPasswordResetRequest,auth.password.reset,request,contracts/api-schemas.json,AuthPasswordResetRequest,context|metadata|input,approved-target,Artur Wiśniewski,1.0
AuthPasswordResetResponse,auth.password.reset,response,contracts/api-schemas.json,AuthPasswordResetResponse,operationId|correlationId|generatedAt|data|warnings,approved-target,Artur Wiśniewski,1.0
AuthReauthenticateRequest,auth.reauthenticate,request,contracts/api-schemas.json,AuthReauthenticateRequest,context|metadata|input,approved-target,Artur Wiśniewski,1.0
AuthReauthenticateResponse,auth.reauthenticate,response,contracts/api-schemas.json,AuthReauthenticateResponse,operationId|correlationId|generatedAt|data|warnings,approved-target,Artur Wiśniewski,1.0
AuthRegisterEmailRequest,auth.register.email,request,contracts/api-schemas.json,AuthRegisterEmailRequest,context|metadata|input,approved-target,Artur Wiśniewski,1.0
AuthRegisterEmailResponse,auth.register.email,response,contracts/api-schemas.json,AuthRegisterEmailResponse,operationId|correlationId|generatedAt|data|warnings,approved-target,Artur Wiśniewski,1.0
AuthRegistrationFinalizeRequest,auth.registration.finalize,request,contracts/api-schemas.json,AuthRegistrationFinalizeRequest,context|metadata|input,approved-target,Artur Wiśniewski,1.0
AuthRegistrationFinalizeResponse,auth.registration.finalize,response,contracts/api-schemas.json,AuthRegistrationFinalizeResponse,operationId|correlationId|generatedAt|data|warnings,approved-target,Artur Wiśniewski,1.0
AuthSessionReadRequest,auth.session.read,request,contracts/api-schemas.json,AuthSessionReadRequest,context,approved-target,Artur Wiśniewski,1.0
AuthSessionReadResponse,auth.session.read,response,contracts/api-schemas.json,AuthSessionReadResponse,operationId|correlationId|generatedAt|data|warnings,approved-target,Artur Wiśniewski,1.0
AuthStatusReadRequest,auth.status.read,request,contracts/api-schemas.json,AuthStatusReadRequest,context,approved-target,Artur Wiśniewski,1.0
AuthStatusReadResponse,auth.status.read,response,contracts/api-schemas.json,AuthStatusReadResponse,operationId|correlationId|generatedAt|data|warnings,approved-target,Artur Wiśniewski,1.0
BillingAdjustmentsReadRequest,billing.adjustments.read,request,contracts/api-schemas.json,BillingAdjustmentsReadRequest,context,approved-target,Artur Wiśniewski,1.0
BillingAdjustmentsReadResponse,billing.adjustments.read,response,contracts/api-schemas.json,BillingAdjustmentsReadResponse,operationId|correlationId|generatedAt|data|warnings,approved-target,Artur Wiśniewski,1.0
BillingChangeCancelReadRequest,billing.change-cancel.read,request,contracts/api-schemas.json,BillingChangeCancelReadRequest,context,approved-target,Artur Wiśniewski,1.0
BillingChangeCancelReadResponse,billing.change-cancel.read,response,contracts/api-schemas.json,BillingChangeCancelReadResponse,operationId|correlationId|generatedAt|data|warnings,approved-target,Artur Wiśniewski,1.0
BillingEntitlementsReadRequest,billing.entitlements.read,request,contracts/api-schemas.json,BillingEntitlementsReadRequest,context,approved-target,Artur Wiśniewski,1.0
BillingEntitlementsReadResponse,billing.entitlements.read,response,contracts/api-schemas.json,BillingEntitlementsReadResponse,operationId|correlationId|generatedAt|data|warnings,approved-target,Artur Wiśniewski,1.0
BillingInvoicesReadRequest,billing.invoices.read,request,contracts/api-schemas.json,BillingInvoicesReadRequest,context,approved-target,Artur Wiśniewski,1.0
BillingInvoicesReadResponse,billing.invoices.read,response,contracts/api-schemas.json,BillingInvoicesReadResponse,operationId|correlationId|generatedAt|data|warnings,approved-target,Artur Wiśniewski,1.0
BillingOverduePaymentReadRequest,billing.overdue-payment.read,request,contracts/api-schemas.json,BillingOverduePaymentReadRequest,context,approved-target,Artur Wiśniewski,1.0
BillingOverduePaymentReadResponse,billing.overdue-payment.read,response,contracts/api-schemas.json,BillingOverduePaymentReadResponse,operationId|correlationId|generatedAt|data|warnings,approved-target,Artur Wiśniewski,1.0
BillingOverdueResolveRequest,billing.overdue.resolve,request,contracts/api-schemas.json,BillingOverdueResolveRequest,context|metadata|input,approved-target,Artur Wiśniewski,1.0
BillingOverdueResolveResponse,billing.overdue.resolve,response,contracts/api-schemas.json,BillingOverdueResolveResponse,operationId|correlationId|generatedAt|data|warnings,approved-target,Artur Wiśniewski,1.0
BillingPaymentMethodUpdateRequest,billing.payment.method.update,request,contracts/api-schemas.json,BillingPaymentMethodUpdateRequest,context|metadata|input,approved-target,Artur Wiśniewski,1.0
BillingPaymentMethodUpdateResponse,billing.payment.method.update,response,contracts/api-schemas.json,BillingPaymentMethodUpdateResponse,operationId|correlationId|generatedAt|data|warnings,approved-target,Artur Wiśniewski,1.0
BillingPaymentsReadRequest,billing.payments.read,request,contracts/api-schemas.json,BillingPaymentsReadRequest,context,approved-target,Artur Wiśniewski,1.0
BillingPaymentsReadResponse,billing.payments.read,response,contracts/api-schemas.json,BillingPaymentsReadResponse,operationId|correlationId|generatedAt|data|warnings,approved-target,Artur Wiśniewski,1.0
BillingPilotToSubscriptionReadRequest,billing.pilot-to-subscription.read,request,contracts/api-schemas.json,BillingPilotToSubscriptionReadRequest,context,approved-target,Artur Wiśniewski,1.0
BillingPilotToSubscriptionReadResponse,billing.pilot-to-subscription.read,response,contracts/api-schemas.json,BillingPilotToSubscriptionReadResponse,operationId|correlationId|generatedAt|data|warnings,approved-target,Artur Wiśniewski,1.0
BillingPilotReadRequest,billing.pilot.read,request,contracts/api-schemas.json,BillingPilotReadRequest,context,approved-target,Artur Wiśniewski,1.0
BillingPilotReadResponse,billing.pilot.read,response,contracts/api-schemas.json,BillingPilotReadResponse,operationId|correlationId|generatedAt|data|warnings,approved-target,Artur Wiśniewski,1.0
BillingPlanSelectRequest,billing.plan.select,request,contracts/api-schemas.json,BillingPlanSelectRequest,context|metadata|input,approved-target,Artur Wiśniewski,1.0
BillingPlanSelectResponse,billing.plan.select,response,contracts/api-schemas.json,BillingPlanSelectResponse,operationId|correlationId|generatedAt|data|warnings,approved-target,Artur Wiśniewski,1.0
BillingPlansReadRequest,billing.plans.read,request,contracts/api-schemas.json,BillingPlansReadRequest,context,approved-target,Artur Wiśniewski,1.0
BillingPlansReadResponse,billing.plans.read,response,contracts/api-schemas.json,BillingPlansReadResponse,operationId|correlationId|generatedAt|data|warnings,approved-target,Artur Wiśniewski,1.0
BillingReadRequest,billing.read,request,contracts/api-schemas.json,BillingReadRequest,context,approved-target,Artur Wiśniewski,1.0
BillingReadResponse,billing.read,response,contracts/api-schemas.json,BillingReadResponse,operationId|correlationId|generatedAt|data|warnings,approved-target,Artur Wiśniewski,1.0
BillingSubscriptionActivateRequest,billing.subscription.activate,request,contracts/api-schemas.json,BillingSubscriptionActivateRequest,context|metadata|input,approved-target,Artur Wiśniewski,1.0
BillingSubscriptionActivateResponse,billing.subscription.activate,response,contracts/api-schemas.json,BillingSubscriptionActivateResponse,operationId|correlationId|generatedAt|data|warnings,approved-target,Artur Wiśniewski,1.0
BillingSubscriptionReadRequest,billing.subscription.read,request,contracts/api-schemas.json,BillingSubscriptionReadRequest,context,approved-target,Artur Wiśniewski,1.0
BillingSubscriptionReadResponse,billing.subscription.read,response,contracts/api-schemas.json,BillingSubscriptionReadResponse,operationId|correlationId|generatedAt|data|warnings,approved-target,Artur Wiśniewski,1.0
BillingUsageLimitsReadRequest,billing.usage-limits.read,request,contracts/api-schemas.json,BillingUsageLimitsReadRequest,context,approved-target,Artur Wiśniewski,1.0
BillingUsageLimitsReadResponse,billing.usage-limits.read,response,contracts/api-schemas.json,BillingUsageLimitsReadResponse,operationId|correlationId|generatedAt|data|warnings,approved-target,Artur Wiśniewski,1.0
BillingWriteRequest,billing.write,request,contracts/api-schemas.json,BillingWriteRequest,context|metadata|input,approved-target,Artur Wiśniewski,1.0
BillingWriteResponse,billing.write,response,contracts/api-schemas.json,BillingWriteResponse,operationId|correlationId|generatedAt|data|warnings,approved-target,Artur Wiśniewski,1.0
CampaignsAttributionSalesReadRequest,campaigns.attribution-sales.read,request,contracts/api-schemas.json,CampaignsAttributionSalesReadRequest,context,approved-target,Artur Wiśniewski,1.0
CampaignsAttributionSalesReadResponse,campaigns.attribution-sales.read,response,contracts/api-schemas.json,CampaignsAttributionSalesReadResponse,operationId|correlationId|generatedAt|data|warnings,approved-target,Artur Wiśniewski,1.0
CampaignsBudgetChangeProposeRequest,campaigns.budget.change.propose,request,contracts/api-schemas.json,CampaignsBudgetChangeProposeRequest,context|metadata|input,approved-target,Artur Wiśniewski,1.0
CampaignsBudgetChangeProposeResponse,campaigns.budget.change.propose,response,contracts/api-schemas.json,CampaignsBudgetChangeProposeResponse,operationId|correlationId|generatedAt|data|warnings,approved-target,Artur Wiśniewski,1.0
CampaignsBudgetReadRequest,campaigns.budget.read,request,contracts/api-schemas.json,CampaignsBudgetReadRequest,context,approved-target,Artur Wiśniewski,1.0
CampaignsBudgetReadResponse,campaigns.budget.read,response,contracts/api-schemas.json,CampaignsBudgetReadResponse,operationId|correlationId|generatedAt|data|warnings,approved-target,Artur Wiśniewski,1.0
CampaignsBudgetRecommendationReadRequest,campaigns.budget.recommendation.read,request,contracts/api-schemas.json,CampaignsBudgetRecommendationReadRequest,context,approved-target,Artur Wiśniewski,1.0
CampaignsBudgetRecommendationReadResponse,campaigns.budget.recommendation.read,response,contracts/api-schemas.json,CampaignsBudgetRecommendationReadResponse,operationId|correlationId|generatedAt|data|warnings,approved-target,Artur Wiśniewski,1.0
CampaignsDetailReadRequest,campaigns.detail.read,request,contracts/api-schemas.json,CampaignsDetailReadRequest,context|campaignId,approved-target,Artur Wiśniewski,1.0
CampaignsDetailReadResponse,campaigns.detail.read,response,contracts/api-schemas.json,CampaignsDetailReadResponse,operationId|correlationId|generatedAt|data|warnings,approved-target,Artur Wiśniewski,1.0
CampaignsDiagnosticsReadRequest,campaigns.diagnostics.read,request,contracts/api-schemas.json,CampaignsDiagnosticsReadRequest,context,approved-target,Artur Wiśniewski,1.0
CampaignsDiagnosticsReadResponse,campaigns.diagnostics.read,response,contracts/api-schemas.json,CampaignsDiagnosticsReadResponse,operationId|correlationId|generatedAt|data|warnings,approved-target,Artur Wiśniewski,1.0
CampaignsListReadRequest,campaigns.list.read,request,contracts/api-schemas.json,CampaignsListReadRequest,context,approved-target,Artur Wiśniewski,1.0
CampaignsListReadResponse,campaigns.list.read,response,contracts/api-schemas.json,CampaignsListReadResponse,operationId|correlationId|generatedAt|data|warnings,approved-target,Artur Wiśniewski,1.0
CampaignsOverviewReadRequest,campaigns.overview.read,request,contracts/api-schemas.json,CampaignsOverviewReadRequest,context,approved-target,Artur Wiśniewski,1.0
CampaignsOverviewReadResponse,campaigns.overview.read,response,contracts/api-schemas.json,CampaignsOverviewReadResponse,operationId|correlationId|generatedAt|data|warnings,approved-target,Artur Wiśniewski,1.0
CampaignsReadRequest,campaigns.read,request,contracts/api-schemas.json,CampaignsReadRequest,context,approved-target,Artur Wiśniewski,1.0
CampaignsReadResponse,campaigns.read,response,contracts/api-schemas.json,CampaignsReadResponse,operationId|correlationId|generatedAt|data|warnings,approved-target,Artur Wiśniewski,1.0
CampaignsRecommendationsReadRequest,campaigns.recommendations.read,request,contracts/api-schemas.json,CampaignsRecommendationsReadRequest,context,approved-target,Artur Wiśniewski,1.0
CampaignsRecommendationsReadResponse,campaigns.recommendations.read,response,contracts/api-schemas.json,CampaignsRecommendationsReadResponse,operationId|correlationId|generatedAt|data|warnings,approved-target,Artur Wiśniewski,1.0
CampaignsWriteRequest,campaigns.write,request,contracts/api-schemas.json,CampaignsWriteRequest,context|metadata|input,approved-target,Artur Wiśniewski,1.0
CampaignsWriteResponse,campaigns.write,response,contracts/api-schemas.json,CampaignsWriteResponse,operationId|correlationId|generatedAt|data|warnings,approved-target,Artur Wiśniewski,1.0
CommandCenterAiRecommendationsReadRequest,command-center.ai-recommendations.read,request,contracts/api-schemas.json,CommandCenterAiRecommendationsReadRequest,context,approved-target,Artur Wiśniewski,1.0
CommandCenterAiRecommendationsReadResponse,command-center.ai-recommendations.read,response,contracts/api-schemas.json,CommandCenterAiRecommendationsReadResponse,operationId|correlationId|generatedAt|data|warnings,approved-target,Artur Wiśniewski,1.0
CommandCenterAttentionQueueReadRequest,command-center.attention.queue.read,request,contracts/api-schemas.json,CommandCenterAttentionQueueReadRequest,context,approved-target,Artur Wiśniewski,1.0
CommandCenterAttentionQueueReadResponse,command-center.attention.queue.read,response,contracts/api-schemas.json,CommandCenterAttentionQueueReadResponse,operationId|correlationId|generatedAt|data|warnings,approved-target,Artur Wiśniewski,1.0
CommandCenterCustomersSummaryReadRequest,command-center.customers-summary.read,request,contracts/api-schemas.json,CommandCenterCustomersSummaryReadRequest,context,approved-target,Artur Wiśniewski,1.0
CommandCenterCustomersSummaryReadResponse,command-center.customers-summary.read,response,contracts/api-schemas.json,CommandCenterCustomersSummaryReadResponse,operationId|correlationId|generatedAt|data|warnings,approved-target,Artur Wiśniewski,1.0
CommandCenterDriversReadRequest,command-center.drivers.read,request,contracts/api-schemas.json,CommandCenterDriversReadRequest,context,approved-target,Artur Wiśniewski,1.0
CommandCenterDriversReadResponse,command-center.drivers.read,response,contracts/api-schemas.json,CommandCenterDriversReadResponse,operationId|correlationId|generatedAt|data|warnings,approved-target,Artur Wiśniewski,1.0
CommandCenterFunnelReadRequest,command-center.funnel.read,request,contracts/api-schemas.json,CommandCenterFunnelReadRequest,context,approved-target,Artur Wiśniewski,1.0
CommandCenterFunnelReadResponse,command-center.funnel.read,response,contracts/api-schemas.json,CommandCenterFunnelReadResponse,operationId|correlationId|generatedAt|data|warnings,approved-target,Artur Wiśniewski,1.0
CommandCenterKpiReadRequest,command-center.kpi.read,request,contracts/api-schemas.json,CommandCenterKpiReadRequest,context,approved-target,Artur Wiśniewski,1.0
CommandCenterKpiReadResponse,command-center.kpi.read,response,contracts/api-schemas.json,CommandCenterKpiReadResponse,operationId|correlationId|generatedAt|data|warnings,approved-target,Artur Wiśniewski,1.0
CommandCenterOverviewReadRequest,command-center.overview.read,request,contracts/api-schemas.json,CommandCenterOverviewReadRequest,context,approved-target,Artur Wiśniewski,1.0
CommandCenterOverviewReadResponse,command-center.overview.read,response,contracts/api-schemas.json,CommandCenterOverviewReadResponse,operationId|correlationId|generatedAt|data|warnings,approved-target,Artur Wiśniewski,1.0
CommandCenterPlanPerformanceReadRequest,command-center.plan-performance.read,request,contracts/api-schemas.json,CommandCenterPlanPerformanceReadRequest,context,approved-target,Artur Wiśniewski,1.0
CommandCenterPlanPerformanceReadResponse,command-center.plan-performance.read,response,contracts/api-schemas.json,CommandCenterPlanPerformanceReadResponse,operationId|correlationId|generatedAt|data|warnings,approved-target,Artur Wiśniewski,1.0
CommandCenterProductsSummaryReadRequest,command-center.products-summary.read,request,contracts/api-schemas.json,CommandCenterProductsSummaryReadRequest,context,approved-target,Artur Wiśniewski,1.0
CommandCenterProductsSummaryReadResponse,command-center.products-summary.read,response,contracts/api-schemas.json,CommandCenterProductsSummaryReadResponse,operationId|correlationId|generatedAt|data|warnings,approved-target,Artur Wiśniewski,1.0
CommandCenterReadRequest,command-center.read,request,contracts/api-schemas.json,CommandCenterReadRequest,context,approved-target,Artur Wiśniewski,1.0
CommandCenterReadResponse,command-center.read,response,contracts/api-schemas.json,CommandCenterReadResponse,operationId|correlationId|generatedAt|data|warnings,approved-target,Artur Wiśniewski,1.0
CommandCenterSalesSignalsReadRequest,command-center.sales-signals.read,request,contracts/api-schemas.json,CommandCenterSalesSignalsReadRequest,context,approved-target,Artur Wiśniewski,1.0
CommandCenterSalesSignalsReadResponse,command-center.sales-signals.read,response,contracts/api-schemas.json,CommandCenterSalesSignalsReadResponse,operationId|correlationId|generatedAt|data|warnings,approved-target,Artur Wiśniewski,1.0
CommandCenterSalesSourcesReadRequest,command-center.sales-sources.read,request,contracts/api-schemas.json,CommandCenterSalesSourcesReadRequest,context,approved-target,Artur Wiśniewski,1.0
CommandCenterSalesSourcesReadResponse,command-center.sales-sources.read,response,contracts/api-schemas.json,CommandCenterSalesSourcesReadResponse,operationId|correlationId|generatedAt|data|warnings,approved-target,Artur Wiśniewski,1.0
CommandCenterTrafficSummaryReadRequest,command-center.traffic-summary.read,request,contracts/api-schemas.json,CommandCenterTrafficSummaryReadRequest,context,approved-target,Artur Wiśniewski,1.0
CommandCenterTrafficSummaryReadResponse,command-center.traffic-summary.read,response,contracts/api-schemas.json,CommandCenterTrafficSummaryReadResponse,operationId|correlationId|generatedAt|data|warnings,approved-target,Artur Wiśniewski,1.0
CommandCenterWaterfallReadRequest,command-center.waterfall.read,request,contracts/api-schemas.json,CommandCenterWaterfallReadRequest,context,approved-target,Artur Wiśniewski,1.0
CommandCenterWaterfallReadResponse,command-center.waterfall.read,response,contracts/api-schemas.json,CommandCenterWaterfallReadResponse,operationId|correlationId|generatedAt|data|warnings,approved-target,Artur Wiśniewski,1.0
CommandCenterWriteRequest,command-center.write,request,contracts/api-schemas.json,CommandCenterWriteRequest,context|metadata|input,approved-target,Artur Wiśniewski,1.0
CommandCenterWriteResponse,command-center.write,response,contracts/api-schemas.json,CommandCenterWriteResponse,operationId|correlationId|generatedAt|data|warnings,approved-target,Artur Wiśniewski,1.0
CompanyDraftUpdateRequest,company.draft.update,request,contracts/api-schemas.json,CompanyDraftUpdateRequest,context|metadata|input,approved-target,Artur Wiśniewski,1.0
CompanyDraftUpdateResponse,company.draft.update,response,contracts/api-schemas.json,CompanyDraftUpdateResponse,operationId|correlationId|generatedAt|data|warnings,approved-target,Artur Wiśniewski,1.0
CompanyLookupRequest,company.lookup,request,contracts/api-schemas.json,CompanyLookupRequest,context,approved-target,Artur Wiśniewski,1.0
CompanyLookupResponse,company.lookup,response,contracts/api-schemas.json,CompanyLookupResponse,operationId|correlationId|generatedAt|data|warnings,approved-target,Artur Wiśniewski,1.0
CustomersCohortsReadRequest,customers.cohorts.read,request,contracts/api-schemas.json,CustomersCohortsReadRequest,context,approved-target,Artur Wiśniewski,1.0
CustomersCohortsReadResponse,customers.cohorts.read,response,contracts/api-schemas.json,CustomersCohortsReadResponse,operationId|correlationId|generatedAt|data|warnings,approved-target,Artur Wiśniewski,1.0
CustomersIdentityConflictsReadRequest,customers.identity-conflicts.read,request,contracts/api-schemas.json,CustomersIdentityConflictsReadRequest,context,approved-target,Artur Wiśniewski,1.0
CustomersIdentityConflictsReadResponse,customers.identity-conflicts.read,response,contracts/api-schemas.json,CustomersIdentityConflictsReadResponse,operationId|correlationId|generatedAt|data|warnings,approved-target,Artur Wiśniewski,1.0
CustomersImpactReadRequest,customers.impact.read,request,contracts/api-schemas.json,CustomersImpactReadRequest,context,approved-target,Artur Wiśniewski,1.0
CustomersImpactReadResponse,customers.impact.read,response,contracts/api-schemas.json,CustomersImpactReadResponse,operationId|correlationId|generatedAt|data|warnings,approved-target,Artur Wiśniewski,1.0
CustomersOverviewReadRequest,customers.overview.read,request,contracts/api-schemas.json,CustomersOverviewReadRequest,context,approved-target,Artur Wiśniewski,1.0
CustomersOverviewReadResponse,customers.overview.read,response,contracts/api-schemas.json,CustomersOverviewReadResponse,operationId|correlationId|generatedAt|data|warnings,approved-target,Artur Wiśniewski,1.0
CustomersPrivacyReadRequest,customers.privacy.read,request,contracts/api-schemas.json,CustomersPrivacyReadRequest,context,approved-target,Artur Wiśniewski,1.0
CustomersPrivacyReadResponse,customers.privacy.read,response,contracts/api-schemas.json,CustomersPrivacyReadResponse,operationId|correlationId|generatedAt|data|warnings,approved-target,Artur Wiśniewski,1.0
CustomersPseudonymizedDetailReadRequest,customers.pseudonymized-detail.read,request,contracts/api-schemas.json,CustomersPseudonymizedDetailReadRequest,context|customerPseudonym,approved-target,Artur Wiśniewski,1.0
CustomersPseudonymizedDetailReadResponse,customers.pseudonymized-detail.read,response,contracts/api-schemas.json,CustomersPseudonymizedDetailReadResponse,operationId|correlationId|generatedAt|data|warnings,approved-target,Artur Wiśniewski,1.0
CustomersReadRequest,customers.read,request,contracts/api-schemas.json,CustomersReadRequest,context,approved-target,Artur Wiśniewski,1.0
CustomersReadResponse,customers.read,response,contracts/api-schemas.json,CustomersReadResponse,operationId|correlationId|generatedAt|data|warnings,approved-target,Artur Wiśniewski,1.0
CustomersSegmentAnalyzeRequest,customers.segment.analyze,request,contracts/api-schemas.json,CustomersSegmentAnalyzeRequest,context,approved-target,Artur Wiśniewski,1.0
CustomersSegmentAnalyzeResponse,customers.segment.analyze,response,contracts/api-schemas.json,CustomersSegmentAnalyzeResponse,operationId|correlationId|generatedAt|data|warnings,approved-target,Artur Wiśniewski,1.0
CustomersSegmentsReadRequest,customers.segments.read,request,contracts/api-schemas.json,CustomersSegmentsReadRequest,context,approved-target,Artur Wiśniewski,1.0
CustomersSegmentsReadResponse,customers.segments.read,response,contracts/api-schemas.json,CustomersSegmentsReadResponse,operationId|correlationId|generatedAt|data|warnings,approved-target,Artur Wiśniewski,1.0
CustomersWriteRequest,customers.write,request,contracts/api-schemas.json,CustomersWriteRequest,context|metadata|input,approved-target,Artur Wiśniewski,1.0
CustomersWriteResponse,customers.write,response,contracts/api-schemas.json,CustomersWriteResponse,operationId|correlationId|generatedAt|data|warnings,approved-target,Artur Wiśniewski,1.0
DataQualityCenterReadRequest,data-quality.center.read,request,contracts/api-schemas.json,DataQualityCenterReadRequest,context,approved-target,Artur Wiśniewski,1.0
DataQualityCenterReadResponse,data-quality.center.read,response,contracts/api-schemas.json,DataQualityCenterReadResponse,operationId|correlationId|generatedAt|data|warnings,approved-target,Artur Wiśniewski,1.0
DataQualityConflictsReadRequest,data-quality.conflicts.read,request,contracts/api-schemas.json,DataQualityConflictsReadRequest,context,approved-target,Artur Wiśniewski,1.0
DataQualityConflictsReadResponse,data-quality.conflicts.read,response,contracts/api-schemas.json,DataQualityConflictsReadResponse,operationId|correlationId|generatedAt|data|warnings,approved-target,Artur Wiśniewski,1.0
DataQualityDatasetReadRequest,data-quality.dataset.read,request,contracts/api-schemas.json,DataQualityDatasetReadRequest,context,approved-target,Artur Wiśniewski,1.0
DataQualityDatasetReadResponse,data-quality.dataset.read,response,contracts/api-schemas.json,DataQualityDatasetReadResponse,operationId|correlationId|generatedAt|data|warnings,approved-target,Artur Wiśniewski,1.0
DataQualityLineageReadRequest,data-quality.lineage.read,request,contracts/api-schemas.json,DataQualityLineageReadRequest,context,approved-target,Artur Wiśniewski,1.0
DataQualityLineageReadResponse,data-quality.lineage.read,response,contracts/api-schemas.json,DataQualityLineageReadResponse,operationId|correlationId|generatedAt|data|warnings,approved-target,Artur Wiśniewski,1.0
DataQualityManualReviewReadRequest,data-quality.manual-review.read,request,contracts/api-schemas.json,DataQualityManualReviewReadRequest,context,approved-target,Artur Wiśniewski,1.0
DataQualityManualReviewReadResponse,data-quality.manual-review.read,response,contracts/api-schemas.json,DataQualityManualReviewReadResponse,operationId|correlationId|generatedAt|data|warnings,approved-target,Artur Wiśniewski,1.0
DataQualityManualReviewSubmitRequest,data-quality.manual-review.submit,request,contracts/api-schemas.json,DataQualityManualReviewSubmitRequest,context|metadata|input,approved-target,Artur Wiśniewski,1.0
DataQualityManualReviewSubmitResponse,data-quality.manual-review.submit,response,contracts/api-schemas.json,DataQualityManualReviewSubmitResponse,operationId|correlationId|generatedAt|data|warnings,approved-target,Artur Wiśniewski,1.0
DataQualityReadRequest,data-quality.read,request,contracts/api-schemas.json,DataQualityReadRequest,context,approved-target,Artur Wiśniewski,1.0
DataQualityReadResponse,data-quality.read,response,contracts/api-schemas.json,DataQualityReadResponse,operationId|correlationId|generatedAt|data|warnings,approved-target,Artur Wiśniewski,1.0
DataQualityReadinessReadRequest,data-quality.readiness.read,request,contracts/api-schemas.json,DataQualityReadinessReadRequest,context,approved-target,Artur Wiśniewski,1.0
DataQualityReadinessReadResponse,data-quality.readiness.read,response,contracts/api-schemas.json,DataQualityReadinessReadResponse,operationId|correlationId|generatedAt|data|warnings,approved-target,Artur Wiśniewski,1.0
DataQualityReconciliationConfirmRequest,data-quality.reconciliation.confirm,request,contracts/api-schemas.json,DataQualityReconciliationConfirmRequest,context|metadata|input,approved-target,Artur Wiśniewski,1.0
DataQualityReconciliationConfirmResponse,data-quality.reconciliation.confirm,response,contracts/api-schemas.json,DataQualityReconciliationConfirmResponse,operationId|correlationId|generatedAt|data|warnings,approved-target,Artur Wiśniewski,1.0
DataQualityReconciliationReadRequest,data-quality.reconciliation.read,request,contracts/api-schemas.json,DataQualityReconciliationReadRequest,context,approved-target,Artur Wiśniewski,1.0
DataQualityReconciliationReadResponse,data-quality.reconciliation.read,response,contracts/api-schemas.json,DataQualityReconciliationReadResponse,operationId|correlationId|generatedAt|data|warnings,approved-target,Artur Wiśniewski,1.0
DataQualityReprocessStartRequest,data-quality.reprocess.start,request,contracts/api-schemas.json,DataQualityReprocessStartRequest,context|metadata|input,approved-target,Artur Wiśniewski,1.0
DataQualityReprocessStartResponse,data-quality.reprocess.start,response,contracts/api-schemas.json,DataQualityReprocessStartResponse,operationId|correlationId|generatedAt|data|warnings,approved-target,Artur Wiśniewski,1.0
DataQualityReprocessingReadRequest,data-quality.reprocessing.read,request,contracts/api-schemas.json,DataQualityReprocessingReadRequest,context,approved-target,Artur Wiśniewski,1.0
DataQualityReprocessingReadResponse,data-quality.reprocessing.read,response,contracts/api-schemas.json,DataQualityReprocessingReadResponse,operationId|correlationId|generatedAt|data|warnings,approved-target,Artur Wiśniewski,1.0
DataQualitySourceOverlapReadRequest,data-quality.source-overlap.read,request,contracts/api-schemas.json,DataQualitySourceOverlapReadRequest,context,approved-target,Artur Wiśniewski,1.0
DataQualitySourceOverlapReadResponse,data-quality.source-overlap.read,response,contracts/api-schemas.json,DataQualitySourceOverlapReadResponse,operationId|correlationId|generatedAt|data|warnings,approved-target,Artur Wiśniewski,1.0
DataQualitySourcePriorityReadRequest,data-quality.source-priority.read,request,contracts/api-schemas.json,DataQualitySourcePriorityReadRequest,context,approved-target,Artur Wiśniewski,1.0
DataQualitySourcePriorityReadResponse,data-quality.source-priority.read,response,contracts/api-schemas.json,DataQualitySourcePriorityReadResponse,operationId|correlationId|generatedAt|data|warnings,approved-target,Artur Wiśniewski,1.0
DataQualityWriteRequest,data-quality.write,request,contracts/api-schemas.json,DataQualityWriteRequest,context|metadata|input,approved-target,Artur Wiśniewski,1.0
DataQualityWriteResponse,data-quality.write,response,contracts/api-schemas.json,DataQualityWriteResponse,operationId|correlationId|generatedAt|data|warnings,approved-target,Artur Wiśniewski,1.0
DecisionsActionBriefReadRequest,decisions.action-brief.read,request,contracts/api-schemas.json,DecisionsActionBriefReadRequest,context,approved-target,Artur Wiśniewski,1.0
DecisionsActionBriefReadResponse,decisions.action-brief.read,response,contracts/api-schemas.json,DecisionsActionBriefReadResponse,operationId|correlationId|generatedAt|data|warnings,approved-target,Artur Wiśniewski,1.0
DecisionsActionDetailReadRequest,decisions.action-detail.read,request,contracts/api-schemas.json,DecisionsActionDetailReadRequest,context|decisionId,approved-target,Artur Wiśniewski,1.0
DecisionsActionDetailReadResponse,decisions.action-detail.read,response,contracts/api-schemas.json,DecisionsActionDetailReadResponse,operationId|correlationId|generatedAt|data|warnings,approved-target,Artur Wiśniewski,1.0
DecisionsActionLibraryReadRequest,decisions.action-library.read,request,contracts/api-schemas.json,DecisionsActionLibraryReadRequest,context,approved-target,Artur Wiśniewski,1.0
DecisionsActionLibraryReadResponse,decisions.action-library.read,response,contracts/api-schemas.json,DecisionsActionLibraryReadResponse,operationId|correlationId|generatedAt|data|warnings,approved-target,Artur Wiśniewski,1.0
DecisionsActionBriefCreateRequest,decisions.action.brief.create,request,contracts/api-schemas.json,DecisionsActionBriefCreateRequest,context|metadata|input,approved-target,Artur Wiśniewski,1.0
DecisionsActionBriefCreateResponse,decisions.action.brief.create,response,contracts/api-schemas.json,DecisionsActionBriefCreateResponse,operationId|correlationId|generatedAt|data|warnings,approved-target,Artur Wiśniewski,1.0
DecisionsCenterReadRequest,decisions.center.read,request,contracts/api-schemas.json,DecisionsCenterReadRequest,context,approved-target,Artur Wiśniewski,1.0
DecisionsCenterReadResponse,decisions.center.read,response,contracts/api-schemas.json,DecisionsCenterReadResponse,operationId|correlationId|generatedAt|data|warnings,approved-target,Artur Wiśniewski,1.0
DecisionsDecisionRecordRequest,decisions.decision.record,request,contracts/api-schemas.json,DecisionsDecisionRecordRequest,context|metadata|input,approved-target,Artur Wiśniewski,1.0
DecisionsDecisionRecordResponse,decisions.decision.record,response,contracts/api-schemas.json,DecisionsDecisionRecordResponse,operationId|correlationId|generatedAt|data|warnings,approved-target,Artur Wiśniewski,1.0
DecisionsMeasurementReadRequest,decisions.measurement.read,request,contracts/api-schemas.json,DecisionsMeasurementReadRequest,context,approved-target,Artur Wiśniewski,1.0
DecisionsMeasurementReadResponse,decisions.measurement.read,response,contracts/api-schemas.json,DecisionsMeasurementReadResponse,operationId|correlationId|generatedAt|data|warnings,approved-target,Artur Wiśniewski,1.0
DecisionsObservationCreateRequest,decisions.observation.create,request,contracts/api-schemas.json,DecisionsObservationCreateRequest,context|metadata|input,approved-target,Artur Wiśniewski,1.0
DecisionsObservationCreateResponse,decisions.observation.create,response,contracts/api-schemas.json,DecisionsObservationCreateResponse,operationId|correlationId|generatedAt|data|warnings,approved-target,Artur Wiśniewski,1.0
DecisionsObservationsReadRequest,decisions.observations.read,request,contracts/api-schemas.json,DecisionsObservationsReadRequest,context,approved-target,Artur Wiśniewski,1.0
DecisionsObservationsReadResponse,decisions.observations.read,response,contracts/api-schemas.json,DecisionsObservationsReadResponse,operationId|correlationId|generatedAt|data|warnings,approved-target,Artur Wiśniewski,1.0
DecisionsRecommendationReadRequest,decisions.recommendation.read,request,contracts/api-schemas.json,DecisionsRecommendationReadRequest,context,approved-target,Artur Wiśniewski,1.0
DecisionsRecommendationReadResponse,decisions.recommendation.read,response,contracts/api-schemas.json,DecisionsRecommendationReadResponse,operationId|correlationId|generatedAt|data|warnings,approved-target,Artur Wiśniewski,1.0
DecisionsRegistryReadRequest,decisions.registry.read,request,contracts/api-schemas.json,DecisionsRegistryReadRequest,context,approved-target,Artur Wiśniewski,1.0
DecisionsRegistryReadResponse,decisions.registry.read,response,contracts/api-schemas.json,DecisionsRegistryReadResponse,operationId|correlationId|generatedAt|data|warnings,approved-target,Artur Wiśniewski,1.0
DecisionsRekomendacjeReadRequest,decisions.rekomendacje.read,request,contracts/api-schemas.json,DecisionsRekomendacjeReadRequest,context,approved-target,Artur Wiśniewski,1.0
DecisionsRekomendacjeReadResponse,decisions.rekomendacje.read,response,contracts/api-schemas.json,DecisionsRekomendacjeReadResponse,operationId|correlationId|generatedAt|data|warnings,approved-target,Artur Wiśniewski,1.0
DecisionsRelationsReadRequest,decisions.relations.read,request,contracts/api-schemas.json,DecisionsRelationsReadRequest,context,approved-target,Artur Wiśniewski,1.0
DecisionsRelationsReadResponse,decisions.relations.read,response,contracts/api-schemas.json,DecisionsRelationsReadResponse,operationId|correlationId|generatedAt|data|warnings,approved-target,Artur Wiśniewski,1.0
HelpHomeReadRequest,help.home.read,request,contracts/api-schemas.json,HelpHomeReadRequest,context,approved-target,Artur Wiśniewski,1.0
HelpHomeReadResponse,help.home.read,response,contracts/api-schemas.json,HelpHomeReadResponse,operationId|correlationId|generatedAt|data|warnings,approved-target,Artur Wiśniewski,1.0
HelpProcedureDetailReadRequest,help.procedure-detail.read,request,contracts/api-schemas.json,HelpProcedureDetailReadRequest,context|articleId,approved-target,Artur Wiśniewski,1.0
HelpProcedureDetailReadResponse,help.procedure-detail.read,response,contracts/api-schemas.json,HelpProcedureDetailReadResponse,operationId|correlationId|generatedAt|data|warnings,approved-target,Artur Wiśniewski,1.0
HelpProceduresReadRequest,help.procedures.read,request,contracts/api-schemas.json,HelpProceduresReadRequest,context,approved-target,Artur Wiśniewski,1.0
HelpProceduresReadResponse,help.procedures.read,response,contracts/api-schemas.json,HelpProceduresReadResponse,operationId|correlationId|generatedAt|data|warnings,approved-target,Artur Wiśniewski,1.0
HelpReadRequest,help.read,request,contracts/api-schemas.json,HelpReadRequest,context,approved-target,Artur Wiśniewski,1.0
HelpReadResponse,help.read,response,contracts/api-schemas.json,HelpReadResponse,operationId|correlationId|generatedAt|data|warnings,approved-target,Artur Wiśniewski,1.0
HelpResultsReadRequest,help.results.read,request,contracts/api-schemas.json,HelpResultsReadRequest,context,approved-target,Artur Wiśniewski,1.0
HelpResultsReadResponse,help.results.read,response,contracts/api-schemas.json,HelpResultsReadResponse,operationId|correlationId|generatedAt|data|warnings,approved-target,Artur Wiśniewski,1.0
HelpSupportRequestReadRequest,help.support-request.read,request,contracts/api-schemas.json,HelpSupportRequestReadRequest,context,approved-target,Artur Wiśniewski,1.0
HelpSupportRequestReadResponse,help.support-request.read,response,contracts/api-schemas.json,HelpSupportRequestReadResponse,operationId|correlationId|generatedAt|data|warnings,approved-target,Artur Wiśniewski,1.0
HelpWriteRequest,help.write,request,contracts/api-schemas.json,HelpWriteRequest,context|metadata|input,approved-target,Artur Wiśniewski,1.0
HelpWriteResponse,help.write,response,contracts/api-schemas.json,HelpWriteResponse,operationId|correlationId|generatedAt|data|warnings,approved-target,Artur Wiśniewski,1.0
IntegrationsCatalogReadRequest,integrations.catalog.read,request,contracts/api-schemas.json,IntegrationsCatalogReadRequest,context,approved-target,Artur Wiśniewski,1.0
IntegrationsCatalogReadResponse,integrations.catalog.read,response,contracts/api-schemas.json,IntegrationsCatalogReadResponse,operationId|correlationId|generatedAt|data|warnings,approved-target,Artur Wiśniewski,1.0
IntegrationsConnectionWizardReadRequest,integrations.connection-wizard.read,request,contracts/api-schemas.json,IntegrationsConnectionWizardReadRequest,context,approved-target,Artur Wiśniewski,1.0
IntegrationsConnectionWizardReadResponse,integrations.connection-wizard.read,response,contracts/api-schemas.json,IntegrationsConnectionWizardReadResponse,operationId|correlationId|generatedAt|data|warnings,approved-target,Artur Wiśniewski,1.0
IntegrationsConnectionCreateRequest,integrations.connection.create,request,contracts/api-schemas.json,IntegrationsConnectionCreateRequest,context|metadata|input,approved-target,Artur Wiśniewski,1.0
IntegrationsConnectionCreateResponse,integrations.connection.create,response,contracts/api-schemas.json,IntegrationsConnectionCreateResponse,operationId|correlationId|generatedAt|data|warnings,approved-target,Artur Wiśniewski,1.0
IntegrationsDetailReadRequest,integrations.detail.read,request,contracts/api-schemas.json,IntegrationsDetailReadRequest,context|integrationId,approved-target,Artur Wiśniewski,1.0
IntegrationsDetailReadResponse,integrations.detail.read,response,contracts/api-schemas.json,IntegrationsDetailReadResponse,operationId|correlationId|generatedAt|data|warnings,approved-target,Artur Wiśniewski,1.0
IntegrationsDisconnectReadRequest,integrations.disconnect.read,request,contracts/api-schemas.json,IntegrationsDisconnectReadRequest,context|integrationId,approved-target,Artur Wiśniewski,1.0
IntegrationsDisconnectReadResponse,integrations.disconnect.read,response,contracts/api-schemas.json,IntegrationsDisconnectReadResponse,operationId|correlationId|generatedAt|data|warnings,approved-target,Artur Wiśniewski,1.0
IntegrationsOauthCallbackRequest,integrations.oauth.callback,request,contracts/api-schemas.json,IntegrationsOauthCallbackRequest,context|metadata|input,approved-target,Artur Wiśniewski,1.0
IntegrationsOauthCallbackResponse,integrations.oauth.callback,response,contracts/api-schemas.json,IntegrationsOauthCallbackResponse,operationId|correlationId|generatedAt|data|warnings,approved-target,Artur Wiśniewski,1.0
IntegrationsProviderOutageReadRequest,integrations.provider-outage.read,request,contracts/api-schemas.json,IntegrationsProviderOutageReadRequest,context,approved-target,Artur Wiśniewski,1.0
IntegrationsProviderOutageReadResponse,integrations.provider-outage.read,response,contracts/api-schemas.json,IntegrationsProviderOutageReadResponse,operationId|correlationId|generatedAt|data|warnings,approved-target,Artur Wiśniewski,1.0
IntegrationsReadRequest,integrations.read,request,contracts/api-schemas.json,IntegrationsReadRequest,context,approved-target,Artur Wiśniewski,1.0
IntegrationsReadResponse,integrations.read,response,contracts/api-schemas.json,IntegrationsReadResponse,operationId|correlationId|generatedAt|data|warnings,approved-target,Artur Wiśniewski,1.0
IntegrationsReconnectReadRequest,integrations.reconnect.read,request,contracts/api-schemas.json,IntegrationsReconnectReadRequest,context|integrationId,approved-target,Artur Wiśniewski,1.0
IntegrationsReconnectReadResponse,integrations.reconnect.read,response,contracts/api-schemas.json,IntegrationsReconnectReadResponse,operationId|correlationId|generatedAt|data|warnings,approved-target,Artur Wiśniewski,1.0
IntegrationsReconnectStartRequest,integrations.reconnect.start,request,contracts/api-schemas.json,IntegrationsReconnectStartRequest,context|metadata|input,approved-target,Artur Wiśniewski,1.0
IntegrationsReconnectStartResponse,integrations.reconnect.start,response,contracts/api-schemas.json,IntegrationsReconnectStartResponse,operationId|correlationId|generatedAt|data|warnings,approved-target,Artur Wiśniewski,1.0
IntegrationsSyncHistoryReadRequest,integrations.sync-history.read,request,contracts/api-schemas.json,IntegrationsSyncHistoryReadRequest,context,approved-target,Artur Wiśniewski,1.0
IntegrationsSyncHistoryReadResponse,integrations.sync-history.read,response,contracts/api-schemas.json,IntegrationsSyncHistoryReadResponse,operationId|correlationId|generatedAt|data|warnings,approved-target,Artur Wiśniewski,1.0
IntegrationsSyncRunReadRequest,integrations.sync-run.read,request,contracts/api-schemas.json,IntegrationsSyncRunReadRequest,context,approved-target,Artur Wiśniewski,1.0
IntegrationsSyncRunReadResponse,integrations.sync-run.read,response,contracts/api-schemas.json,IntegrationsSyncRunReadResponse,operationId|correlationId|generatedAt|data|warnings,approved-target,Artur Wiśniewski,1.0
IntegrationsSyncScopeReadRequest,integrations.sync-scope.read,request,contracts/api-schemas.json,IntegrationsSyncScopeReadRequest,context,approved-target,Artur Wiśniewski,1.0
IntegrationsSyncScopeReadResponse,integrations.sync-scope.read,response,contracts/api-schemas.json,IntegrationsSyncScopeReadResponse,operationId|correlationId|generatedAt|data|warnings,approved-target,Artur Wiśniewski,1.0
IntegrationsSyncResumeRequest,integrations.sync.resume,request,contracts/api-schemas.json,IntegrationsSyncResumeRequest,context|metadata|input,approved-target,Artur Wiśniewski,1.0
IntegrationsSyncResumeResponse,integrations.sync.resume,response,contracts/api-schemas.json,IntegrationsSyncResumeResponse,operationId|correlationId|generatedAt|data|warnings,approved-target,Artur Wiśniewski,1.0
IntegrationsSyncStartRequest,integrations.sync.start,request,contracts/api-schemas.json,IntegrationsSyncStartRequest,context|metadata|input,approved-target,Artur Wiśniewski,1.0
IntegrationsSyncStartResponse,integrations.sync.start,response,contracts/api-schemas.json,IntegrationsSyncStartResponse,operationId|correlationId|generatedAt|data|warnings,approved-target,Artur Wiśniewski,1.0
IntegrationsWriteRequest,integrations.write,request,contracts/api-schemas.json,IntegrationsWriteRequest,context|metadata|input,approved-target,Artur Wiśniewski,1.0
IntegrationsWriteResponse,integrations.write,response,contracts/api-schemas.json,IntegrationsWriteResponse,operationId|correlationId|generatedAt|data|warnings,approved-target,Artur Wiśniewski,1.0
InvitationAcceptRequest,invitation.accept,request,contracts/api-schemas.json,InvitationAcceptRequest,context|metadata|input,approved-target,Artur Wiśniewski,1.0
InvitationAcceptResponse,invitation.accept,response,contracts/api-schemas.json,InvitationAcceptResponse,operationId|correlationId|generatedAt|data|warnings,approved-target,Artur Wiśniewski,1.0
InvitationReadRequest,invitation.read,request,contracts/api-schemas.json,InvitationReadRequest,context,approved-target,Artur Wiśniewski,1.0
InvitationReadResponse,invitation.read,response,contracts/api-schemas.json,InvitationReadResponse,operationId|correlationId|generatedAt|data|warnings,approved-target,Artur Wiśniewski,1.0
InvitationRejectRequest,invitation.reject,request,contracts/api-schemas.json,InvitationRejectRequest,context|metadata|input,approved-target,Artur Wiśniewski,1.0
InvitationRejectResponse,invitation.reject,response,contracts/api-schemas.json,InvitationRejectResponse,operationId|correlationId|generatedAt|data|warnings,approved-target,Artur Wiśniewski,1.0
InvitationRequestRequest,invitation.request,request,contracts/api-schemas.json,InvitationRequestRequest,context|metadata|input,approved-target,Artur Wiśniewski,1.0
InvitationRequestResponse,invitation.request,response,contracts/api-schemas.json,InvitationRequestResponse,operationId|correlationId|generatedAt|data|warnings,approved-target,Artur Wiśniewski,1.0
InvitationValidateRequest,invitation.validate,request,contracts/api-schemas.json,InvitationValidateRequest,context|metadata|input,approved-target,Artur Wiśniewski,1.0
InvitationValidateResponse,invitation.validate,response,contracts/api-schemas.json,InvitationValidateResponse,operationId|correlationId|generatedAt|data|warnings,approved-target,Artur Wiśniewski,1.0
MobileDeviceManageRequest,mobile.device.manage,request,contracts/api-schemas.json,MobileDeviceManageRequest,context|metadata|input,approved-target,Artur Wiśniewski,1.0
MobileDeviceManageResponse,mobile.device.manage,response,contracts/api-schemas.json,MobileDeviceManageResponse,operationId|correlationId|generatedAt|data|warnings,approved-target,Artur Wiśniewski,1.0
MobileInviteRequest,mobile.invite,request,contracts/api-schemas.json,MobileInviteRequest,context|metadata|input,approved-target,Artur Wiśniewski,1.0
MobileInviteResponse,mobile.invite,response,contracts/api-schemas.json,MobileInviteResponse,operationId|correlationId|generatedAt|data|warnings,approved-target,Artur Wiśniewski,1.0
MobileUseRequest,mobile.use,request,contracts/api-schemas.json,MobileUseRequest,context,approved-target,Artur Wiśniewski,1.0
MobileUseResponse,mobile.use,response,contracts/api-schemas.json,MobileUseResponse,operationId|correlationId|generatedAt|data|warnings,approved-target,Artur Wiśniewski,1.0
OnboardingProfileUpdateRequest,onboarding.profile.update,request,contracts/api-schemas.json,OnboardingProfileUpdateRequest,context|metadata|input,approved-target,Artur Wiśniewski,1.0
OnboardingProfileUpdateResponse,onboarding.profile.update,response,contracts/api-schemas.json,OnboardingProfileUpdateResponse,operationId|correlationId|generatedAt|data|warnings,approved-target,Artur Wiśniewski,1.0
OnboardingProgressReadRequest,onboarding.progress.read,request,contracts/api-schemas.json,OnboardingProgressReadRequest,context,approved-target,Artur Wiśniewski,1.0
OnboardingProgressReadResponse,onboarding.progress.read,response,contracts/api-schemas.json,OnboardingProgressReadResponse,operationId|correlationId|generatedAt|data|warnings,approved-target,Artur Wiśniewski,1.0
OrdersDetailReadRequest,orders.detail.read,request,contracts/api-schemas.json,OrdersDetailReadRequest,context|orderId,approved-target,Artur Wiśniewski,1.0
OrdersDetailReadResponse,orders.detail.read,response,contracts/api-schemas.json,OrdersDetailReadResponse,operationId|correlationId|generatedAt|data|warnings,approved-target,Artur Wiśniewski,1.0
OrdersEksportReadRequest,orders.eksport.read,request,contracts/api-schemas.json,OrdersEksportReadRequest,context,approved-target,Artur Wiśniewski,1.0
OrdersEksportReadResponse,orders.eksport.read,response,contracts/api-schemas.json,OrdersEksportReadResponse,operationId|correlationId|generatedAt|data|warnings,approved-target,Artur Wiśniewski,1.0
OrdersListReadRequest,orders.list.read,request,contracts/api-schemas.json,OrdersListReadRequest,context,approved-target,Artur Wiśniewski,1.0
OrdersListReadResponse,orders.list.read,response,contracts/api-schemas.json,OrdersListReadResponse,operationId|correlationId|generatedAt|data|warnings,approved-target,Artur Wiśniewski,1.0
OrdersOsZdarzenReadRequest,orders.os-zdarzen.read,request,contracts/api-schemas.json,OrdersOsZdarzenReadRequest,context,approved-target,Artur Wiśniewski,1.0
OrdersOsZdarzenReadResponse,orders.os-zdarzen.read,response,contracts/api-schemas.json,OrdersOsZdarzenReadResponse,operationId|correlationId|generatedAt|data|warnings,approved-target,Artur Wiśniewski,1.0
OrdersOverviewReadRequest,orders.overview.read,request,contracts/api-schemas.json,OrdersOverviewReadRequest,context,approved-target,Artur Wiśniewski,1.0
OrdersOverviewReadResponse,orders.overview.read,response,contracts/api-schemas.json,OrdersOverviewReadResponse,operationId|correlationId|generatedAt|data|warnings,approved-target,Artur Wiśniewski,1.0
OrdersPorownanieZrodelReadRequest,orders.porownanie-zrodel.read,request,contracts/api-schemas.json,OrdersPorownanieZrodelReadRequest,context,approved-target,Artur Wiśniewski,1.0
OrdersPorownanieZrodelReadResponse,orders.porownanie-zrodel.read,response,contracts/api-schemas.json,OrdersPorownanieZrodelReadResponse,operationId|correlationId|generatedAt|data|warnings,approved-target,Artur Wiśniewski,1.0
OrdersReadRequest,orders.read,request,contracts/api-schemas.json,OrdersReadRequest,context,approved-target,Artur Wiśniewski,1.0
OrdersReadResponse,orders.read,response,contracts/api-schemas.json,OrdersReadResponse,operationId|correlationId|generatedAt|data|warnings,approved-target,Artur Wiśniewski,1.0
OrdersRekoncyliacjaSkrotReadRequest,orders.rekoncyliacja-skrot.read,request,contracts/api-schemas.json,OrdersRekoncyliacjaSkrotReadRequest,context,approved-target,Artur Wiśniewski,1.0
OrdersRekoncyliacjaSkrotReadResponse,orders.rekoncyliacja-skrot.read,response,contracts/api-schemas.json,OrdersRekoncyliacjaSkrotReadResponse,operationId|correlationId|generatedAt|data|warnings,approved-target,Artur Wiśniewski,1.0
OrdersWriteRequest,orders.write,request,contracts/api-schemas.json,OrdersWriteRequest,context|metadata|input,approved-target,Artur Wiśniewski,1.0
OrdersWriteResponse,orders.write,response,contracts/api-schemas.json,OrdersWriteResponse,operationId|correlationId|generatedAt|data|warnings,approved-target,Artur Wiśniewski,1.0
PapaActionApprovalReadRequest,papa.action-approval.read,request,contracts/api-schemas.json,PapaActionApprovalReadRequest,context,approved-target,Artur Wiśniewski,1.0
PapaActionApprovalReadResponse,papa.action-approval.read,response,contracts/api-schemas.json,PapaActionApprovalReadResponse,operationId|correlationId|generatedAt|data|warnings,approved-target,Artur Wiśniewski,1.0
PapaActionsReadRequest,papa.actions.read,request,contracts/api-schemas.json,PapaActionsReadRequest,context,approved-target,Artur Wiśniewski,1.0
PapaActionsReadResponse,papa.actions.read,response,contracts/api-schemas.json,PapaActionsReadResponse,operationId|correlationId|generatedAt|data|warnings,approved-target,Artur Wiśniewski,1.0
PapaAiActionApproveRequest,papa.ai.action.approve,request,contracts/api-schemas.json,PapaAiActionApproveRequest,context|metadata|input,approved-target,Artur Wiśniewski,1.0
PapaAiActionApproveResponse,papa.ai.action.approve,response,contracts/api-schemas.json,PapaAiActionApproveResponse,operationId|correlationId|generatedAt|data|warnings,approved-target,Artur Wiśniewski,1.0
PapaAiActionExecuteRequest,papa.ai.action.execute,request,contracts/api-schemas.json,PapaAiActionExecuteRequest,context|metadata|input,approved-target,Artur Wiśniewski,1.0
PapaAiActionExecuteResponse,papa.ai.action.execute,response,contracts/api-schemas.json,PapaAiActionExecuteResponse,operationId|correlationId|generatedAt|data|warnings,approved-target,Artur Wiśniewski,1.0
PapaAiActionRejectRequest,papa.ai.action.reject,request,contracts/api-schemas.json,PapaAiActionRejectRequest,context|metadata|input,approved-target,Artur Wiśniewski,1.0
PapaAiActionRejectResponse,papa.ai.action.reject,response,contracts/api-schemas.json,PapaAiActionRejectResponse,operationId|correlationId|generatedAt|data|warnings,approved-target,Artur Wiśniewski,1.0
PapaAiActionRollbackRequest,papa.ai.action.rollback,request,contracts/api-schemas.json,PapaAiActionRollbackRequest,context|metadata|input,approved-target,Artur Wiśniewski,1.0
PapaAiActionRollbackResponse,papa.ai.action.rollback,response,contracts/api-schemas.json,PapaAiActionRollbackResponse,operationId|correlationId|generatedAt|data|warnings,approved-target,Artur Wiśniewski,1.0
PapaAiActionValidateRequest,papa.ai.action.validate,request,contracts/api-schemas.json,PapaAiActionValidateRequest,context|metadata|input,approved-target,Artur Wiśniewski,1.0
PapaAiActionValidateResponse,papa.ai.action.validate,response,contracts/api-schemas.json,PapaAiActionValidateResponse,operationId|correlationId|generatedAt|data|warnings,approved-target,Artur Wiśniewski,1.0
PapaAnswerGenerateRequest,papa.answer.generate,request,contracts/api-schemas.json,PapaAnswerGenerateRequest,context|metadata|input,approved-target,Artur Wiśniewski,1.0
PapaAnswerGenerateResponse,papa.answer.generate,response,contracts/api-schemas.json,PapaAnswerGenerateResponse,operationId|correlationId|generatedAt|data|warnings,approved-target,Artur Wiśniewski,1.0
PapaAnswerReadRequest,papa.answer.read,request,contracts/api-schemas.json,PapaAnswerReadRequest,context,approved-target,Artur Wiśniewski,1.0
PapaAnswerReadResponse,papa.answer.read,response,contracts/api-schemas.json,PapaAnswerReadResponse,operationId|correlationId|generatedAt|data|warnings,approved-target,Artur Wiśniewski,1.0
PapaAssistantShellReadRequest,papa.assistant-shell.read,request,contracts/api-schemas.json,PapaAssistantShellReadRequest,context,approved-target,Artur Wiśniewski,1.0
PapaAssistantShellReadResponse,papa.assistant-shell.read,response,contracts/api-schemas.json,PapaAssistantShellReadResponse,operationId|correlationId|generatedAt|data|warnings,approved-target,Artur Wiśniewski,1.0
PapaContextBasketReadRequest,papa.context-basket.read,request,contracts/api-schemas.json,PapaContextBasketReadRequest,context,approved-target,Artur Wiśniewski,1.0
PapaContextBasketReadResponse,papa.context-basket.read,response,contracts/api-schemas.json,PapaContextBasketReadResponse,operationId|correlationId|generatedAt|data|warnings,approved-target,Artur Wiśniewski,1.0
PapaContextPanelReadRequest,papa.context-panel.read,request,contracts/api-schemas.json,PapaContextPanelReadRequest,context,approved-target,Artur Wiśniewski,1.0
PapaContextPanelReadResponse,papa.context-panel.read,response,contracts/api-schemas.json,PapaContextPanelReadResponse,operationId|correlationId|generatedAt|data|warnings,approved-target,Artur Wiśniewski,1.0
PapaContextCaptureRequest,papa.context.capture,request,contracts/api-schemas.json,PapaContextCaptureRequest,context|metadata|input,approved-target,Artur Wiśniewski,1.0
PapaContextCaptureResponse,papa.context.capture,response,contracts/api-schemas.json,PapaContextCaptureResponse,operationId|correlationId|generatedAt|data|warnings,approved-target,Artur Wiśniewski,1.0
PapaEvidenceReadRequest,papa.evidence.read,request,contracts/api-schemas.json,PapaEvidenceReadRequest,context,approved-target,Artur Wiśniewski,1.0
PapaEvidenceReadResponse,papa.evidence.read,response,contracts/api-schemas.json,PapaEvidenceReadResponse,operationId|correlationId|generatedAt|data|warnings,approved-target,Artur Wiśniewski,1.0
PapaGovernanceReadRequest,papa.governance.read,request,contracts/api-schemas.json,PapaGovernanceReadRequest,context,approved-target,Artur Wiśniewski,1.0
PapaGovernanceReadResponse,papa.governance.read,response,contracts/api-schemas.json,PapaGovernanceReadResponse,operationId|correlationId|generatedAt|data|warnings,approved-target,Artur Wiśniewski,1.0
PapaHistoryMemoryReadRequest,papa.history-memory.read,request,contracts/api-schemas.json,PapaHistoryMemoryReadRequest,context,approved-target,Artur Wiśniewski,1.0
PapaHistoryMemoryReadResponse,papa.history-memory.read,response,contracts/api-schemas.json,PapaHistoryMemoryReadResponse,operationId|correlationId|generatedAt|data|warnings,approved-target,Artur Wiśniewski,1.0
PapaLabReadRequest,papa.lab.read,request,contracts/api-schemas.json,PapaLabReadRequest,context,approved-target,Artur Wiśniewski,1.0
PapaLabReadResponse,papa.lab.read,response,contracts/api-schemas.json,PapaLabReadResponse,operationId|correlationId|generatedAt|data|warnings,approved-target,Artur Wiśniewski,1.0
PapaObservationSaveRequest,papa.observation.save,request,contracts/api-schemas.json,PapaObservationSaveRequest,context|metadata|input,approved-target,Artur Wiśniewski,1.0
PapaObservationSaveResponse,papa.observation.save,response,contracts/api-schemas.json,PapaObservationSaveResponse,operationId|correlationId|generatedAt|data|warnings,approved-target,Artur Wiśniewski,1.0
PapaObservationsReadRequest,papa.observations.read,request,contracts/api-schemas.json,PapaObservationsReadRequest,context,approved-target,Artur Wiśniewski,1.0
PapaObservationsReadResponse,papa.observations.read,response,contracts/api-schemas.json,PapaObservationsReadResponse,operationId|correlationId|generatedAt|data|warnings,approved-target,Artur Wiśniewski,1.0
PapaProposalsReadRequest,papa.proposals.read,request,contracts/api-schemas.json,PapaProposalsReadRequest,context,approved-target,Artur Wiśniewski,1.0
PapaProposalsReadResponse,papa.proposals.read,response,contracts/api-schemas.json,PapaProposalsReadResponse,operationId|correlationId|generatedAt|data|warnings,approved-target,Artur Wiśniewski,1.0
PapaReadRequest,papa.read,request,contracts/api-schemas.json,PapaReadRequest,context,approved-target,Artur Wiśniewski,1.0
PapaReadResponse,papa.read,response,contracts/api-schemas.json,PapaReadResponse,operationId|correlationId|generatedAt|data|warnings,approved-target,Artur Wiśniewski,1.0
PapaWriteRequest,papa.write,request,contracts/api-schemas.json,PapaWriteRequest,context|metadata|input,approved-target,Artur Wiśniewski,1.0
PapaWriteResponse,papa.write,response,contracts/api-schemas.json,PapaWriteResponse,operationId|correlationId|generatedAt|data|warnings,approved-target,Artur Wiśniewski,1.0
ProductsCatalogReadRequest,products.catalog.read,request,contracts/api-schemas.json,ProductsCatalogReadRequest,context,approved-target,Artur Wiśniewski,1.0
ProductsCatalogReadResponse,products.catalog.read,response,contracts/api-schemas.json,ProductsCatalogReadResponse,operationId|correlationId|generatedAt|data|warnings,approved-target,Artur Wiśniewski,1.0
ProductsDetailReadRequest,products.detail.read,request,contracts/api-schemas.json,ProductsDetailReadRequest,context|productId,approved-target,Artur Wiśniewski,1.0
ProductsDetailReadResponse,products.detail.read,response,contracts/api-schemas.json,ProductsDetailReadResponse,operationId|correlationId|generatedAt|data|warnings,approved-target,Artur Wiśniewski,1.0
ProductsGapsQueueReadRequest,products.gaps.queue.read,request,contracts/api-schemas.json,ProductsGapsQueueReadRequest,context,approved-target,Artur Wiśniewski,1.0
ProductsGapsQueueReadResponse,products.gaps.queue.read,response,contracts/api-schemas.json,ProductsGapsQueueReadResponse,operationId|correlationId|generatedAt|data|warnings,approved-target,Artur Wiśniewski,1.0
ProductsImpactReadRequest,products.impact.read,request,contracts/api-schemas.json,ProductsImpactReadRequest,context,approved-target,Artur Wiśniewski,1.0
ProductsImpactReadResponse,products.impact.read,response,contracts/api-schemas.json,ProductsImpactReadResponse,operationId|correlationId|generatedAt|data|warnings,approved-target,Artur Wiśniewski,1.0
ProductsMappingReadRequest,products.mapping.read,request,contracts/api-schemas.json,ProductsMappingReadRequest,context,approved-target,Artur Wiśniewski,1.0
ProductsMappingReadResponse,products.mapping.read,response,contracts/api-schemas.json,ProductsMappingReadResponse,operationId|correlationId|generatedAt|data|warnings,approved-target,Artur Wiśniewski,1.0
ProductsMappingUpdateRequest,products.mapping.update,request,contracts/api-schemas.json,ProductsMappingUpdateRequest,context|metadata|input,approved-target,Artur Wiśniewski,1.0
ProductsMappingUpdateResponse,products.mapping.update,response,contracts/api-schemas.json,ProductsMappingUpdateResponse,operationId|correlationId|generatedAt|data|warnings,approved-target,Artur Wiśniewski,1.0
ProductsOffersReadRequest,products.offers.read,request,contracts/api-schemas.json,ProductsOffersReadRequest,context,approved-target,Artur Wiśniewski,1.0
ProductsOffersReadResponse,products.offers.read,response,contracts/api-schemas.json,ProductsOffersReadResponse,operationId|correlationId|generatedAt|data|warnings,approved-target,Artur Wiśniewski,1.0
ProductsOverviewReadRequest,products.overview.read,request,contracts/api-schemas.json,ProductsOverviewReadRequest,context,approved-target,Artur Wiśniewski,1.0
ProductsOverviewReadResponse,products.overview.read,response,contracts/api-schemas.json,ProductsOverviewReadResponse,operationId|correlationId|generatedAt|data|warnings,approved-target,Artur Wiśniewski,1.0
ProductsPerformanceReadRequest,products.performance.read,request,contracts/api-schemas.json,ProductsPerformanceReadRequest,context,approved-target,Artur Wiśniewski,1.0
ProductsPerformanceReadResponse,products.performance.read,response,contracts/api-schemas.json,ProductsPerformanceReadResponse,operationId|correlationId|generatedAt|data|warnings,approved-target,Artur Wiśniewski,1.0
ProductsReadRequest,products.read,request,contracts/api-schemas.json,ProductsReadRequest,context,approved-target,Artur Wiśniewski,1.0
ProductsReadResponse,products.read,response,contracts/api-schemas.json,ProductsReadResponse,operationId|correlationId|generatedAt|data|warnings,approved-target,Artur Wiśniewski,1.0
ProductsWriteRequest,products.write,request,contracts/api-schemas.json,ProductsWriteRequest,context|metadata|input,approved-target,Artur Wiśniewski,1.0
ProductsWriteResponse,products.write,response,contracts/api-schemas.json,ProductsWriteResponse,operationId|correlationId|generatedAt|data|warnings,approved-target,Artur Wiśniewski,1.0
SettingsAccountSecurityReadRequest,settings.account-security.read,request,contracts/api-schemas.json,SettingsAccountSecurityReadRequest,context,approved-target,Artur Wiśniewski,1.0
SettingsAccountSecurityReadResponse,settings.account-security.read,response,contracts/api-schemas.json,SettingsAccountSecurityReadResponse,operationId|correlationId|generatedAt|data|warnings,approved-target,Artur Wiśniewski,1.0
SettingsAuditReadRequest,settings.audit.read,request,contracts/api-schemas.json,SettingsAuditReadRequest,context,approved-target,Artur Wiśniewski,1.0
SettingsAuditReadResponse,settings.audit.read,response,contracts/api-schemas.json,SettingsAuditReadResponse,operationId|correlationId|generatedAt|data|warnings,approved-target,Artur Wiśniewski,1.0
SettingsMembershipsReadRequest,settings.memberships.read,request,contracts/api-schemas.json,SettingsMembershipsReadRequest,context,approved-target,Artur Wiśniewski,1.0
SettingsMembershipsReadResponse,settings.memberships.read,response,contracts/api-schemas.json,SettingsMembershipsReadResponse,operationId|correlationId|generatedAt|data|warnings,approved-target,Artur Wiśniewski,1.0
SettingsOrganizationReadRequest,settings.organization.read,request,contracts/api-schemas.json,SettingsOrganizationReadRequest,context,approved-target,Artur Wiśniewski,1.0
SettingsOrganizationReadResponse,settings.organization.read,response,contracts/api-schemas.json,SettingsOrganizationReadResponse,operationId|correlationId|generatedAt|data|warnings,approved-target,Artur Wiśniewski,1.0
SettingsPrivacyReadRequest,settings.privacy.read,request,contracts/api-schemas.json,SettingsPrivacyReadRequest,context,approved-target,Artur Wiśniewski,1.0
SettingsPrivacyReadResponse,settings.privacy.read,response,contracts/api-schemas.json,SettingsPrivacyReadResponse,operationId|correlationId|generatedAt|data|warnings,approved-target,Artur Wiśniewski,1.0
SettingsReadRequest,settings.read,request,contracts/api-schemas.json,SettingsReadRequest,context,approved-target,Artur Wiśniewski,1.0
SettingsReadResponse,settings.read,response,contracts/api-schemas.json,SettingsReadResponse,operationId|correlationId|generatedAt|data|warnings,approved-target,Artur Wiśniewski,1.0
SettingsRolesReadRequest,settings.roles.read,request,contracts/api-schemas.json,SettingsRolesReadRequest,context,approved-target,Artur Wiśniewski,1.0
SettingsRolesReadResponse,settings.roles.read,response,contracts/api-schemas.json,SettingsRolesReadResponse,operationId|correlationId|generatedAt|data|warnings,approved-target,Artur Wiśniewski,1.0
SettingsSessionsReadRequest,settings.sessions.read,request,contracts/api-schemas.json,SettingsSessionsReadRequest,context,approved-target,Artur Wiśniewski,1.0
SettingsSessionsReadResponse,settings.sessions.read,response,contracts/api-schemas.json,SettingsSessionsReadResponse,operationId|correlationId|generatedAt|data|warnings,approved-target,Artur Wiśniewski,1.0
SettingsSupportAccessReadRequest,settings.support-access.read,request,contracts/api-schemas.json,SettingsSupportAccessReadRequest,context,approved-target,Artur Wiśniewski,1.0
SettingsSupportAccessReadResponse,settings.support-access.read,response,contracts/api-schemas.json,SettingsSupportAccessReadResponse,operationId|correlationId|generatedAt|data|warnings,approved-target,Artur Wiśniewski,1.0
SettingsWorkspaceProfileUpdateRequest,settings.workspace.profile.update,request,contracts/api-schemas.json,SettingsWorkspaceProfileUpdateRequest,context|metadata|input,approved-target,Artur Wiśniewski,1.0
SettingsWorkspaceProfileUpdateResponse,settings.workspace.profile.update,response,contracts/api-schemas.json,SettingsWorkspaceProfileUpdateResponse,operationId|correlationId|generatedAt|data|warnings,approved-target,Artur Wiśniewski,1.0
SettingsWorkspaceReadRequest,settings.workspace.read,request,contracts/api-schemas.json,SettingsWorkspaceReadRequest,context,approved-target,Artur Wiśniewski,1.0
SettingsWorkspaceReadResponse,settings.workspace.read,response,contracts/api-schemas.json,SettingsWorkspaceReadResponse,operationId|correlationId|generatedAt|data|warnings,approved-target,Artur Wiśniewski,1.0
SettingsWriteRequest,settings.write,request,contracts/api-schemas.json,SettingsWriteRequest,context|metadata|input,approved-target,Artur Wiśniewski,1.0
SettingsWriteResponse,settings.write,response,contracts/api-schemas.json,SettingsWriteResponse,operationId|correlationId|generatedAt|data|warnings,approved-target,Artur Wiśniewski,1.0
TrafficChannelsReadRequest,traffic.channels.read,request,contracts/api-schemas.json,TrafficChannelsReadRequest,context,approved-target,Artur Wiśniewski,1.0
TrafficChannelsReadResponse,traffic.channels.read,response,contracts/api-schemas.json,TrafficChannelsReadResponse,operationId|correlationId|generatedAt|data|warnings,approved-target,Artur Wiśniewski,1.0
TrafficDropDiagnoseRequest,traffic.drop.diagnose,request,contracts/api-schemas.json,TrafficDropDiagnoseRequest,context,approved-target,Artur Wiśniewski,1.0
TrafficDropDiagnoseResponse,traffic.drop.diagnose,response,contracts/api-schemas.json,TrafficDropDiagnoseResponse,operationId|correlationId|generatedAt|data|warnings,approved-target,Artur Wiśniewski,1.0
TrafficEventQualityReadRequest,traffic.event-quality.read,request,contracts/api-schemas.json,TrafficEventQualityReadRequest,context,approved-target,Artur Wiśniewski,1.0
TrafficEventQualityReadResponse,traffic.event-quality.read,response,contracts/api-schemas.json,TrafficEventQualityReadResponse,operationId|correlationId|generatedAt|data|warnings,approved-target,Artur Wiśniewski,1.0
TrafficFunnelDefinitionsReadRequest,traffic.funnel-definitions.read,request,contracts/api-schemas.json,TrafficFunnelDefinitionsReadRequest,context,approved-target,Artur Wiśniewski,1.0
TrafficFunnelDefinitionsReadResponse,traffic.funnel-definitions.read,response,contracts/api-schemas.json,TrafficFunnelDefinitionsReadResponse,operationId|correlationId|generatedAt|data|warnings,approved-target,Artur Wiśniewski,1.0
TrafficFunnelStepReadRequest,traffic.funnel-step.read,request,contracts/api-schemas.json,TrafficFunnelStepReadRequest,context,approved-target,Artur Wiśniewski,1.0
TrafficFunnelStepReadResponse,traffic.funnel-step.read,response,contracts/api-schemas.json,TrafficFunnelStepReadResponse,operationId|correlationId|generatedAt|data|warnings,approved-target,Artur Wiśniewski,1.0
TrafficFunnelReadRequest,traffic.funnel.read,request,contracts/api-schemas.json,TrafficFunnelReadRequest,context,approved-target,Artur Wiśniewski,1.0
TrafficFunnelReadResponse,traffic.funnel.read,response,contracts/api-schemas.json,TrafficFunnelReadResponse,operationId|correlationId|generatedAt|data|warnings,approved-target,Artur Wiśniewski,1.0
TrafficGa4OrdersReadRequest,traffic.ga4-orders.read,request,contracts/api-schemas.json,TrafficGa4OrdersReadRequest,context,approved-target,Artur Wiśniewski,1.0
TrafficGa4OrdersReadResponse,traffic.ga4-orders.read,response,contracts/api-schemas.json,TrafficGa4OrdersReadResponse,operationId|correlationId|generatedAt|data|warnings,approved-target,Artur Wiśniewski,1.0
TrafficLandingPagesReadRequest,traffic.landing-pages.read,request,contracts/api-schemas.json,TrafficLandingPagesReadRequest,context,approved-target,Artur Wiśniewski,1.0
TrafficLandingPagesReadResponse,traffic.landing-pages.read,response,contracts/api-schemas.json,TrafficLandingPagesReadResponse,operationId|correlationId|generatedAt|data|warnings,approved-target,Artur Wiśniewski,1.0
TrafficOverviewReadRequest,traffic.overview.read,request,contracts/api-schemas.json,TrafficOverviewReadRequest,context,approved-target,Artur Wiśniewski,1.0
TrafficOverviewReadResponse,traffic.overview.read,response,contracts/api-schemas.json,TrafficOverviewReadResponse,operationId|correlationId|generatedAt|data|warnings,approved-target,Artur Wiśniewski,1.0
TrafficReadRequest,traffic.read,request,contracts/api-schemas.json,TrafficReadRequest,context,approved-target,Artur Wiśniewski,1.0
TrafficReadResponse,traffic.read,response,contracts/api-schemas.json,TrafficReadResponse,operationId|correlationId|generatedAt|data|warnings,approved-target,Artur Wiśniewski,1.0
TrafficWriteRequest,traffic.write,request,contracts/api-schemas.json,TrafficWriteRequest,context|metadata|input,approved-target,Artur Wiśniewski,1.0
TrafficWriteResponse,traffic.write,response,contracts/api-schemas.json,TrafficWriteResponse,operationId|correlationId|generatedAt|data|warnings,approved-target,Artur Wiśniewski,1.0
WorkspaceOnboardingUpdateRequest,workspace.onboarding.update,request,contracts/api-schemas.json,WorkspaceOnboardingUpdateRequest,context|metadata|input,approved-target,Artur Wiśniewski,1.0
WorkspaceOnboardingUpdateResponse,workspace.onboarding.update,response,contracts/api-schemas.json,WorkspaceOnboardingUpdateResponse,operationId|correlationId|generatedAt|data|warnings,approved-target,Artur Wiśniewski,1.0
WorkspaceResolveRequest,workspace.resolve,request,contracts/api-schemas.json,WorkspaceResolveRequest,context|workspaceId,approved-target,Artur Wiśniewski,1.0
WorkspaceResolveResponse,workspace.resolve,response,contracts/api-schemas.json,WorkspaceResolveResponse,operationId|correlationId|generatedAt|data|warnings,approved-target,Artur Wiśniewski,1.0
