id,metricKey,displayName,unit,formula,aggregationPolicy,requiredFacts,implementationStatus,mvpScope,implementationTarget
KPI-01,gross_order_value,Sprzedaż brutto,money,SUM(accepted_order.gross_amount),sum,canonical_orders,migration_ready,required,"packages/contracts metric catalog + backend Metric Engine; frontend, reports and AI consume snapshots only"
KPI-02,revenue_after_refunds,Przychód po zwrotach,money,gross_order_value - return_value,derived,canonical_orders|canonical_refunds,migration_ready,required,"packages/contracts metric catalog + backend Metric Engine; frontend, reports and AI consume snapshots only"
KPI-03,orders,Liczba zamówień,count,COUNT_DISTINCT(canonical_order_id WHERE accepted_status),count_distinct,canonical_orders,migration_ready,required,"packages/contracts metric catalog + backend Metric Engine; frontend, reports and AI consume snapshots only"
KPI-04,units_sold,Sprzedane sztuki,units,SUM(canonical_order_lines.quantity),sum,canonical_order_lines,migration_ready,required,"packages/contracts metric catalog + backend Metric Engine; frontend, reports and AI consume snapshots only"
KPI-05,returned_units,Zwrócone sztuki,units,SUM(canonical_returns.quantity),sum,canonical_customer_returns,migration_ready,required,"packages/contracts metric catalog + backend Metric Engine; frontend, reports and AI consume snapshots only"
KPI-06,return_value,Wartość zwrotów,money,SUM(posted_refund.amount),sum,canonical_refunds,migration_ready,required,"packages/contracts metric catalog + backend Metric Engine; frontend, reports and AI consume snapshots only"
KPI-07,return_rate_units,Wskaźnik zwrotów sztuk,ratio,returned_units / units_sold,ratio,canonical_customer_returns|canonical_order_lines,migration_ready,required,"packages/contracts metric catalog + backend Metric Engine; frontend, reports and AI consume snapshots only"
KPI-08,return_rate_orders,Wskaźnik zwrotów zamówień,ratio,orders_with_refund / orders,ratio,canonical_orders|canonical_refunds,migration_ready,required,"packages/contracts metric catalog + backend Metric Engine; frontend, reports and AI consume snapshots only"
KPI-09,aov,Średnia wartość zamówienia,money,gross_order_value / orders,ratio,canonical_orders,migration_ready,required,"packages/contracts metric catalog + backend Metric Engine; frontend, reports and AI consume snapshots only"
KPI-10,available_stock,Dostępny zapas,units,SUM(primary_inventory.quantity_available),latest_snapshot_sum,canonical_inventory_snapshots,migration_ready,required,"packages/contracts metric catalog + backend Metric Engine; frontend, reports and AI consume snapshots only"
KPI-11,stock_value,Wartość zapasu,money,SUM(quantity_available * confirmed_unit_cost),latest_snapshot_sum,canonical_inventory_snapshots|product_costs,migration_ready,required,"packages/contracts metric catalog + backend Metric Engine; frontend, reports and AI consume snapshots only"
KPI-12,days_of_inventory,Dni zapasu,days,available_stock / average_daily_units_sold,ratio,canonical_inventory_snapshots|canonical_order_lines,migration_ready,required,"packages/contracts metric catalog + backend Metric Engine; frontend, reports and AI consume snapshots only"
KPI-13,inventory_turnover,Rotacja zapasu,ratio,units_sold / average_inventory,ratio,canonical_inventory_snapshots|canonical_order_lines,migration_ready,required,"packages/contracts metric catalog + backend Metric Engine; frontend, reports and AI consume snapshots only"
KPI-14,sell_through_rate,Sell-through,ratio,units_sold / (units_sold + available_stock),ratio,canonical_inventory_snapshots|canonical_order_lines,migration_ready,required,"packages/contracts metric catalog + backend Metric Engine; frontend, reports and AI consume snapshots only"
KPI-15,stockout_risk,Ryzyko braku zapasu,risk,"RISK(days_of_inventory,lead_time,velocity)",policy,canonical_inventory_snapshots|canonical_order_lines|supply_policy,migration_ready,required,"packages/contracts metric catalog + backend Metric Engine; frontend, reports and AI consume snapshots only"
KPI-16,product_revenue,Przychód produktu,money,SUM(order_line.gross_amount BY canonical_product_id),sum_by_product,canonical_order_lines|product_mapping,migration_ready,required,"packages/contracts metric catalog + backend Metric Engine; frontend, reports and AI consume snapshots only"
KPI-17,product_units,Sztuki produktu,units,SUM(order_line.quantity BY canonical_product_id),sum_by_product,canonical_order_lines|product_mapping,migration_ready,required,"packages/contracts metric catalog + backend Metric Engine; frontend, reports and AI consume snapshots only"
KPI-18,product_margin,Marża produktu,money,product_revenue - product_cogs,derived,canonical_order_lines|product_costs,migration_ready,required,"packages/contracts metric catalog + backend Metric Engine; frontend, reports and AI consume snapshots only"
KPI-19,product_contribution,Kontrybucja produktu,money,product_margin - allocated_ad_spend - variable_fees,derived,canonical_order_lines|product_costs|canonical_ad_spend|fees,migration_ready,required,"packages/contracts metric catalog + backend Metric Engine; frontend, reports and AI consume snapshots only"
KPI-20,ad_spend,Wydatki reklamowe,money,SUM(canonical_ad_spend.cost_amount),sum,canonical_ad_spend,migration_ready,required,"packages/contracts metric catalog + backend Metric Engine; frontend, reports and AI consume snapshots only"
KPI-21,cpc,Koszt kliknięcia,money,ad_spend / clicks,ratio,canonical_ad_spend,migration_ready,required,"packages/contracts metric catalog + backend Metric Engine; frontend, reports and AI consume snapshots only"
KPI-22,cpm,Koszt tysiąca wyświetleń,money,ad_spend / impressions * 1000,ratio,canonical_ad_spend,migration_ready,required,"packages/contracts metric catalog + backend Metric Engine; frontend, reports and AI consume snapshots only"
KPI-23,ctr,CTR,ratio,clicks / impressions,ratio,canonical_ad_spend,migration_ready,required,"packages/contracts metric catalog + backend Metric Engine; frontend, reports and AI consume snapshots only"
KPI-24,platform_attributed_conversions,Konwersje platformowe,count,SUM(provider_attributed_conversions),sum,canonical_attributed_conversions,migration_ready,required,"packages/contracts metric catalog + backend Metric Engine; frontend, reports and AI consume snapshots only"
KPI-25,platform_attributed_revenue,Przychód przypisany przez platformę,money,SUM(provider_attributed_value),sum,canonical_attributed_conversions,migration_ready,required,"packages/contracts metric catalog + backend Metric Engine; frontend, reports and AI consume snapshots only"
KPI-26,roas,ROAS,ratio,platform_attributed_revenue / ad_spend,ratio,canonical_attributed_conversions|canonical_ad_spend,migration_ready,required,"packages/contracts metric catalog + backend Metric Engine; frontend, reports and AI consume snapshots only"
KPI-27,cost_per_order,Koszt na zamówienie,money,ad_spend / orders,ratio,canonical_ad_spend|canonical_orders,migration_ready,required,"packages/contracts metric catalog + backend Metric Engine; frontend, reports and AI consume snapshots only"
KPI-28,cancelled_orders,Anulowane zamówienia,count,COUNT_DISTINCT(order_id WHERE cancelled_status),count_distinct,canonical_orders,planned_p0,required,"packages/contracts metric catalog + backend Metric Engine; frontend, reports and AI consume snapshots only"
KPI-29,cancellation_rate,Wskaźnik anulowań,ratio,cancelled_orders / all_created_orders,ratio,canonical_orders,planned_p0,required,"packages/contracts metric catalog + backend Metric Engine; frontend, reports and AI consume snapshots only"
KPI-30,discount_value,Wartość rabatów,money,SUM(order_line.list_price - order_line.sale_price),sum,canonical_order_lines,planned_p0,required,"packages/contracts metric catalog + backend Metric Engine; frontend, reports and AI consume snapshots only"
KPI-31,shipping_revenue,Przychód z dostawy,money,SUM(accepted_order.shipping_amount),sum,canonical_orders,planned_p0,required,"packages/contracts metric catalog + backend Metric Engine; frontend, reports and AI consume snapshots only"
KPI-32,tax_value,Wartość podatku,money,SUM(accepted_order.tax_amount) - SUM(refund.tax_amount),sum,canonical_orders|canonical_refunds,planned_p0,required,"packages/contracts metric catalog + backend Metric Engine; frontend, reports and AI consume snapshots only"
KPI-33,net_sales,Sprzedaż netto,money,gross_order_value - tax_value - return_value,derived,canonical_orders|canonical_refunds,planned_p0,required,"packages/contracts metric catalog + backend Metric Engine; frontend, reports and AI consume snapshots only"
KPI-34,cogs,Koszt sprzedanych produktów,money,SUM(sold_quantity * valid_unit_cost),sum,canonical_order_lines|product_costs,planned_p0,required,"packages/contracts metric catalog + backend Metric Engine; frontend, reports and AI consume snapshots only"
KPI-35,gross_margin,Marża brutto,money,net_sales - cogs,derived,canonical_orders|canonical_refunds|product_costs,planned_p0,required,"packages/contracts metric catalog + backend Metric Engine; frontend, reports and AI consume snapshots only"
KPI-36,gross_margin_rate,Marża brutto procentowa,ratio,gross_margin / net_sales,ratio,canonical_orders|canonical_refunds|product_costs,planned_p0,required,"packages/contracts metric catalog + backend Metric Engine; frontend, reports and AI consume snapshots only"
KPI-37,marketplace_fees,Opłaty marketplace,money,SUM(posted_marketplace_fee.amount),sum,canonical_marketplace_fees,planned_p0,required,"packages/contracts metric catalog + backend Metric Engine; frontend, reports and AI consume snapshots only"
KPI-38,payment_fees,Opłaty płatnicze,money,SUM(settled_payment_fee.amount),sum,canonical_payment_fees,planned_p0,required,"packages/contracts metric catalog + backend Metric Engine; frontend, reports and AI consume snapshots only"
KPI-39,contribution_margin,Marża kontrybucyjna,money,net_sales - cogs - marketplace_fees - payment_fees - ad_spend - variable_costs,derived,orders|refunds|product_costs|fees|canonical_ad_spend,planned_p0,required,"packages/contracts metric catalog + backend Metric Engine; frontend, reports and AI consume snapshots only"
KPI-40,contribution_margin_rate,Marża kontrybucyjna procentowa,ratio,contribution_margin / net_sales,ratio,orders|refunds|product_costs|fees|canonical_ad_spend,planned_p0,required,"packages/contracts metric catalog + backend Metric Engine; frontend, reports and AI consume snapshots only"
KPI-41,new_customers,Nowi klienci,count,COUNT_DISTINCT(customer_id WHERE first_order_in_period),count_distinct,canonical_customers|canonical_orders,planned_p0,required,"packages/contracts metric catalog + backend Metric Engine; frontend, reports and AI consume snapshots only"
KPI-42,returning_customers,Powracający klienci,count,COUNT_DISTINCT(customer_id WHERE prior_order_before_period),count_distinct,canonical_customers|canonical_orders,planned_p0,required,"packages/contracts metric catalog + backend Metric Engine; frontend, reports and AI consume snapshots only"
KPI-43,active_customers,Aktywni klienci,count,COUNT_DISTINCT(customer_id WITH accepted_order_in_period),count_distinct,canonical_customers|canonical_orders,planned_p0,required,"packages/contracts metric catalog + backend Metric Engine; frontend, reports and AI consume snapshots only"
KPI-44,customer_retention_rate,Retencja klientów,ratio,customers_from_prior_cohort_active_now / eligible_prior_cohort,cohort_ratio,canonical_customers|canonical_orders,planned_p0,required,"packages/contracts metric catalog + backend Metric Engine; frontend, reports and AI consume snapshots only"
KPI-45,repeat_purchase_rate,Wskaźnik ponownych zakupów,ratio,customers_with_2plus_orders / customers_with_order,ratio,canonical_customers|canonical_orders,planned_p0,required,"packages/contracts metric catalog + backend Metric Engine; frontend, reports and AI consume snapshots only"
KPI-46,purchase_frequency,Częstotliwość zakupów,ratio,accepted_orders / active_customers,ratio,canonical_customers|canonical_orders,planned_p0,required,"packages/contracts metric catalog + backend Metric Engine; frontend, reports and AI consume snapshots only"
KPI-47,customer_lifetime_value,Wartość klienta CLV,money,average_order_value * purchase_frequency * modeled_customer_lifetime * gross_margin_rate,model,canonical_customers|canonical_orders|product_costs,planned_p0,required,"packages/contracts metric catalog + backend Metric Engine; frontend, reports and AI consume snapshots only"
KPI-48,customer_acquisition_cost,Koszt pozyskania klienta CAC,money,eligible_acquisition_spend / new_customers,ratio,canonical_ad_spend|new_customers|acquisition_cost_policy,planned_p0,required,"packages/contracts metric catalog + backend Metric Engine; frontend, reports and AI consume snapshots only"
KPI-49,marketing_efficiency_ratio,MER,ratio,revenue_after_refunds / total_marketing_spend,ratio,canonical_orders|canonical_refunds|canonical_ad_spend,planned_p0,required,"packages/contracts metric catalog + backend Metric Engine; frontend, reports and AI consume snapshots only"
KPI-50,sessions,Sesje,count,SUM(ga4_sessions),sum,ga4_traffic_facts,planned_p0,required,"packages/contracts metric catalog + backend Metric Engine; frontend, reports and AI consume snapshots only"
KPI-51,users,Użytkownicy,count,SUM(ga4_total_users DEDUPED BY GA4),provider_aggregate,ga4_traffic_facts,planned_p0,required,"packages/contracts metric catalog + backend Metric Engine; frontend, reports and AI consume snapshots only"
KPI-52,new_users,Nowi użytkownicy,count,SUM(ga4_new_users),provider_aggregate,ga4_traffic_facts,planned_p0,required,"packages/contracts metric catalog + backend Metric Engine; frontend, reports and AI consume snapshots only"
KPI-53,conversion_rate,Współczynnik konwersji,ratio,accepted_orders / eligible_sessions,ratio,canonical_orders|ga4_traffic_facts|attribution_policy,planned_p0,required,"packages/contracts metric catalog + backend Metric Engine; frontend, reports and AI consume snapshots only"
KPI-54,add_to_cart_rate,Dodania do koszyka,ratio,sessions_with_add_to_cart / eligible_sessions,ratio,ga4_ecommerce_events|ga4_traffic_facts,planned_p0,required,"packages/contracts metric catalog + backend Metric Engine; frontend, reports and AI consume snapshots only"
KPI-55,checkout_start_rate,Rozpoczęcia checkoutu,ratio,sessions_with_begin_checkout / eligible_sessions,ratio,ga4_ecommerce_events|ga4_traffic_facts,planned_p0,required,"packages/contracts metric catalog + backend Metric Engine; frontend, reports and AI consume snapshots only"
KPI-56,cart_abandonment_rate,Porzucenia koszyka,ratio,1 - purchases / begin_checkout_sessions,ratio,ga4_ecommerce_events|canonical_orders,planned_p0,required,"packages/contracts metric catalog + backend Metric Engine; frontend, reports and AI consume snapshots only"
KPI-57,revenue_per_session,Przychód na sesję,money,revenue_after_refunds / eligible_sessions,ratio,canonical_orders|canonical_refunds|ga4_traffic_facts,planned_p0,required,"packages/contracts metric catalog + backend Metric Engine; frontend, reports and AI consume snapshots only"
KPI-58,organic_revenue_share,Udział przychodu organicznego,ratio,revenue_attributed_to_organic / attributable_revenue,attribution_ratio,ga4_attribution_facts|canonical_orders,planned_p0,required,"packages/contracts metric catalog + backend Metric Engine; frontend, reports and AI consume snapshots only"
