component,runtime_source,public_props,story_id,status,owner
PapaDataBrand,apps/web/src/design-system/icons/PapaDataBrand.tsx,PapaDataBrandProps,10.01,accepted,Design System
Icon,apps/web/src/design-system/icons/Icon.tsx,IconProps,10.11,accepted,Design System
Button,apps/web/src/design-system/components/Button/Button.tsx,ButtonProps,10.02,accepted,Design System
TextAction,apps/web/src/design-system/components/Button/TextAction.tsx,TextActionProps,10.02,accepted,Design System
LinkAction,apps/web/src/design-system/components/Button/LinkAction.tsx,LinkActionProps,10.02,accepted,Design System
IconButton,apps/web/src/design-system/components/Button/IconButton.tsx,IconButtonProps,10.02,accepted,Design System
ButtonGroup,apps/web/src/design-system/components/Button/ButtonGroup.tsx,ButtonGroupProps,10.02,accepted,Design System
TextField,apps/web/src/design-system/components/Field/TextField.tsx,TextFieldProps,10.03,review,Design System
PasswordField,apps/web/src/design-system/components/Field/PasswordField.tsx,PasswordFieldProps,10.03,review,Design System
Textarea,apps/web/src/design-system/components/Field/Textarea.tsx,TextareaProps,10.03,review,Design System
FileInput,apps/web/src/design-system/components/Field/FileInput.tsx,FileInputProps,10.03,review,Design System
VerificationCodeInput,apps/web/src/design-system/components/VerificationCodeInput/VerificationCodeInput.tsx,VerificationCodeInputProps,10.03,review,Design System
ChartFrame,apps/web/src/design-system/components/ChartFrame/ChartFrame.tsx,ChartFrameProps,15.01,review,Analytics UI
MetricCard,apps/web/src/design-system/components/MetricCard/MetricCard.tsx,MetricCardProps,15.02,review,Analytics UI
TrendChart,apps/web/src/design-system/components/TrendChart/TrendChart.tsx,TrendChartProps,15.03,accepted,Analytics UI
ComparisonChart,apps/web/src/design-system/components/ComparisonChart/ComparisonChart.tsx,ComparisonChartProps,15.04,review,Analytics UI
