screen_id,ekran,screen_document,document_type,runtime_surface,app_route,bff_route,service_route,read_operation_id,command_operation_ids,canonical_operation_id,capability_read,capability_write,contract_file,encje
30.01,Widok główny,07-centrum-dowodzenia/30-01-widok-glowny.md,runtime-screen,yes,/app/command-center/widok-glowny,/api/v1/command-center/widok-glowny,/v1/command-center/widok-glowny,command-center.overview.read,,command-center.overview.read,analytics.read,,25-kontrakty-domenowe-i-api/command-center.md,CommandCenterOverviewReadResponse / CommandCenterOverviewReadData; pola domenowe zgodne z contracts/api-schemas.ts
30.02,Kolejka uwagi,07-centrum-dowodzenia/30-02-kolejka-uwagi.md,runtime-screen,yes,/app/command-center/kolejka-uwagi,/api/v1/command-center/kolejka-uwagi,/v1/command-center/kolejka-uwagi,command-center.attention.queue.read,,command-center.attention.queue.read,analytics.read,,25-kontrakty-domenowe-i-api/command-center.md,CommandCenterAttentionQueueReadResponse / CommandCenterAttentionQueueReadData; pola domenowe zgodne z contracts/api-schemas.ts
30.03,KPI,07-centrum-dowodzenia/30-03-kpi.md,runtime-screen,yes,/app/command-center/kpi,/api/v1/command-center/kpi,/v1/command-center/kpi,command-center.kpi.read,,command-center.kpi.read,analytics.read,,25-kontrakty-domenowe-i-api/command-center.md,CommandCenterKpiReadResponse / CommandCenterKpiReadData; pola domenowe zgodne z contracts/api-schemas.ts
30.04,Plan vs wynik,07-centrum-dowodzenia/30-04-plan-vs-wynik.md,runtime-screen,yes,/app/command-center/plan-vs-wynik,/api/v1/command-center/plan-vs-wynik,/v1/command-center/plan-vs-wynik,command-center.plan-performance.read,,command-center.plan-performance.read,analytics.read,,25-kontrakty-domenowe-i-api/command-center.md,CommandCenterPlanPerformanceReadResponse / CommandCenterPlanPerformanceReadData; pola domenowe zgodne z contracts/api-schemas.ts
30.05,Drivery wyniku,07-centrum-dowodzenia/30-05-drivery-wyniku.md,runtime-screen,yes,/app/command-center/drivery-wyniku,/api/v1/command-center/drivery-wyniku,/v1/command-center/drivery-wyniku,command-center.drivers.read,,command-center.drivers.read,analytics.read,,25-kontrakty-domenowe-i-api/command-center.md,CommandCenterDriversReadResponse / CommandCenterDriversReadData; pola domenowe zgodne z contracts/api-schemas.ts
30.06,Źródła sprzedaży,07-centrum-dowodzenia/30-06-zrodla-sprzedazy.md,runtime-screen,yes,/app/command-center/zrodla-sprzedazy,/api/v1/command-center/zrodla-sprzedazy,/v1/command-center/zrodla-sprzedazy,command-center.sales-sources.read,,command-center.sales-sources.read,analytics.read,,25-kontrakty-domenowe-i-api/command-center.md,CommandCenterSalesSourcesReadResponse / CommandCenterSalesSourcesReadData; pola domenowe zgodne z contracts/api-schemas.ts
30.07,Ruch,07-centrum-dowodzenia/30-07-ruch.md,runtime-screen,yes,/app/command-center/ruch,/api/v1/command-center/ruch,/v1/command-center/ruch,command-center.traffic-summary.read,,command-center.traffic-summary.read,analytics.read,,25-kontrakty-domenowe-i-api/command-center.md,CommandCenterTrafficSummaryReadResponse / CommandCenterTrafficSummaryReadData; pola domenowe zgodne z contracts/api-schemas.ts
30.08,Produkty,07-centrum-dowodzenia/30-08-produkty.md,runtime-screen,yes,/app/command-center/produkty,/api/v1/command-center/produkty,/v1/command-center/produkty,command-center.products-summary.read,,command-center.products-summary.read,analytics.read,,25-kontrakty-domenowe-i-api/command-center.md,CommandCenterProductsSummaryReadResponse / CommandCenterProductsSummaryReadData; pola domenowe zgodne z contracts/api-schemas.ts
30.09,Klienci,07-centrum-dowodzenia/30-09-klienci.md,runtime-screen,yes,/app/command-center/klienci,/api/v1/command-center/klienci,/v1/command-center/klienci,command-center.customers-summary.read,,command-center.customers-summary.read,analytics.read,,25-kontrakty-domenowe-i-api/command-center.md,CommandCenterCustomersSummaryReadResponse / CommandCenterCustomersSummaryReadData; pola domenowe zgodne z contracts/api-schemas.ts
30.10,Lejek,07-centrum-dowodzenia/30-10-lejek.md,runtime-screen,yes,/app/command-center/lejek,/api/v1/command-center/lejek,/v1/command-center/lejek,command-center.funnel.read,,command-center.funnel.read,analytics.read,,25-kontrakty-domenowe-i-api/command-center.md,CommandCenterFunnelReadResponse / CommandCenterFunnelReadData; pola domenowe zgodne z contracts/api-schemas.ts
30.11,Rekomendacje AI — skrót,07-centrum-dowodzenia/30-11-rekomendacje-ai-skrot.md,runtime-screen,yes,/app/command-center/rekomendacje-ai-skrot,/api/v1/command-center/rekomendacje-ai-skrot,/v1/command-center/rekomendacje-ai-skrot,command-center.ai-recommendations.read,,command-center.ai-recommendations.read,analytics.read,,25-kontrakty-domenowe-i-api/command-center.md,CommandCenterAiRecommendationsReadResponse / CommandCenterAiRecommendationsReadData; pola domenowe zgodne z contracts/api-schemas.ts
30.12,Sygnały sprzedażowe,07-centrum-dowodzenia/30-12-sygnaly-sprzedazowe.md,runtime-screen,yes,/app/command-center/sygnaly-sprzedazowe,/api/v1/command-center/sygnaly-sprzedazowe,/v1/command-center/sygnaly-sprzedazowe,command-center.sales-signals.read,,command-center.sales-signals.read,analytics.read,,25-kontrakty-domenowe-i-api/command-center.md,CommandCenterSalesSignalsReadResponse / CommandCenterSalesSignalsReadData; pola domenowe zgodne z contracts/api-schemas.ts
30.13,Waterfall,07-centrum-dowodzenia/30-13-waterfall.md,runtime-screen,yes,/app/command-center/waterfall,/api/v1/command-center/waterfall,/v1/command-center/waterfall,command-center.waterfall.read,,command-center.waterfall.read,analytics.read,,25-kontrakty-domenowe-i-api/command-center.md,CommandCenterWaterfallReadResponse / CommandCenterWaterfallReadData; pola domenowe zgodne z contracts/api-schemas.ts
30.14,Warianty Centrum Dowodzenia,07-centrum-dowodzenia/30-14-warianty-centrum-dowodzenia.md,storybook-variants,no,,,,,,,,,,Brak DTO runtime; dokument policy/variants opisuje kompozycję i warunki użycia.
31.01,Przegląd,08-kampanie-platne/31-01-przeglad.md,runtime-screen,yes,/app/campaigns/przeglad,/api/v1/campaigns/przeglad,/v1/campaigns/przeglad,campaigns.overview.read,,campaigns.overview.read,campaigns.read,,25-kontrakty-domenowe-i-api/campaigns.md,CampaignsOverviewReadResponse / CampaignsOverviewReadData; pola domenowe zgodne z contracts/api-schemas.ts
31.02,Lista kampanii,08-kampanie-platne/31-02-lista-kampanii.md,runtime-screen,yes,/app/campaigns/lista-kampanii,/api/v1/campaigns/lista-kampanii,/v1/campaigns/lista-kampanii,campaigns.list.read,,campaigns.list.read,campaigns.read,,25-kontrakty-domenowe-i-api/campaigns.md,CampaignsListReadResponse / CampaignsListReadData; pola domenowe zgodne z contracts/api-schemas.ts
31.03,Szczegóły kampanii,08-kampanie-platne/31-03-szczegoly-kampanii.md,runtime-screen,yes,/app/campaigns/szczegoly-kampanii/:resourceId,/api/v1/campaigns/szczegoly-kampanii/{resourceId},/v1/campaigns/szczegoly-kampanii/{resourceId},campaigns.detail.read,,campaigns.detail.read,campaigns.read,,25-kontrakty-domenowe-i-api/campaigns.md,CampaignsDetailReadResponse / CampaignsDetailReadData; pola domenowe zgodne z contracts/api-schemas.ts
31.04,Atrybucja i sprzedaż,08-kampanie-platne/31-04-atrybucja-i-sprzedaz.md,runtime-screen,yes,/app/campaigns/atrybucja-i-sprzedaz,/api/v1/campaigns/atrybucja-i-sprzedaz,/v1/campaigns/atrybucja-i-sprzedaz,campaigns.attribution-sales.read,,campaigns.attribution-sales.read,campaigns.read,,25-kontrakty-domenowe-i-api/campaigns.md,CampaignsAttributionSalesReadResponse / CampaignsAttributionSalesReadData; pola domenowe zgodne z contracts/api-schemas.ts
31.05,Budżet,08-kampanie-platne/31-05-budzet.md,runtime-screen,yes,/app/campaigns/budzet,/api/v1/campaigns/budzet,/v1/campaigns/budzet,campaigns.budget.read,,campaigns.budget.read,campaigns.read,,25-kontrakty-domenowe-i-api/campaigns.md,CampaignsBudgetReadResponse / CampaignsBudgetReadData; pola domenowe zgodne z contracts/api-schemas.ts
31.06,Diagnostyka,08-kampanie-platne/31-06-diagnostyka.md,runtime-screen,yes,/app/campaigns/diagnostyka,/api/v1/campaigns/diagnostyka,/v1/campaigns/diagnostyka,campaigns.diagnostics.read,,campaigns.diagnostics.read,campaigns.read,,25-kontrakty-domenowe-i-api/campaigns.md,CampaignsDiagnosticsReadResponse / CampaignsDiagnosticsReadData; pola domenowe zgodne z contracts/api-schemas.ts
31.07,Rekomendacje — kontekst domenowy,08-kampanie-platne/31-07-rekomendacje-kontekst-domenowy.md,runtime-screen,yes,/app/campaigns/rekomendacje-kontekst-domenowy,/api/v1/campaigns/rekomendacje-kontekst-domenowy,/v1/campaigns/rekomendacje-kontekst-domenowy,campaigns.recommendations.read,,campaigns.recommendations.read,campaigns.read,,25-kontrakty-domenowe-i-api/campaigns.md,CampaignsRecommendationsReadResponse / CampaignsRecommendationsReadData; pola domenowe zgodne z contracts/api-schemas.ts
31.08,Warianty kampanii,08-kampanie-platne/31-08-warianty-kampanii.md,storybook-variants,no,,,,,,,,,,Brak DTO runtime; dokument policy/variants opisuje kompozycję i warunki użycia.
32.01,Przegląd,09-zamowienia/32-01-przeglad.md,runtime-screen,yes,/app/orders/przeglad,/api/v1/orders/przeglad,/v1/orders/przeglad,orders.overview.read,,orders.overview.read,orders.read,,25-kontrakty-domenowe-i-api/orders.md,OrdersOverviewReadResponse / OrdersOverviewReadData; pola domenowe zgodne z contracts/api-schemas.ts
32.02,Lista,09-zamowienia/32-02-lista.md,runtime-screen,yes,/app/orders/lista,/api/v1/orders/lista,/v1/orders/lista,orders.list.read,,orders.list.read,orders.read,,25-kontrakty-domenowe-i-api/orders.md,OrdersListReadResponse / OrdersListReadData; pola domenowe zgodne z contracts/api-schemas.ts
32.03,Szczegóły,09-zamowienia/32-03-szczegoly.md,runtime-screen,yes,/app/orders/szczegoly/:resourceId,/api/v1/orders/szczegoly/{resourceId},/v1/orders/szczegoly/{resourceId},orders.detail.read,,orders.detail.read,orders.read,,25-kontrakty-domenowe-i-api/orders.md,OrdersDetailReadResponse / OrdersDetailReadData; pola domenowe zgodne z contracts/api-schemas.ts
32.04,Oś zdarzeń,09-zamowienia/32-04-os-zdarzen.md,runtime-screen,yes,/app/orders/os-zdarzen,/api/v1/orders/os-zdarzen,/v1/orders/os-zdarzen,orders.os-zdarzen.read,,orders.os-zdarzen.read,orders.read,,25-kontrakty-domenowe-i-api/orders.md,OrdersOsZdarzenReadResponse / OrdersOsZdarzenReadData; pola domenowe zgodne z contracts/api-schemas.ts
32.05,Porównanie źródeł,09-zamowienia/32-05-porownanie-zrodel.md,runtime-screen,yes,/app/orders/porownanie-zrodel,/api/v1/orders/porownanie-zrodel,/v1/orders/porownanie-zrodel,orders.porownanie-zrodel.read,,orders.porownanie-zrodel.read,orders.read,,25-kontrakty-domenowe-i-api/orders.md,OrdersPorownanieZrodelReadResponse / OrdersPorownanieZrodelReadData; pola domenowe zgodne z contracts/api-schemas.ts
32.06,Rekoncyliacja — skrót,09-zamowienia/32-06-rekoncyliacja-skrot.md,runtime-screen,yes,/app/orders/rekoncyliacja-skrot,/api/v1/orders/rekoncyliacja-skrot,/v1/orders/rekoncyliacja-skrot,orders.rekoncyliacja-skrot.read,,orders.rekoncyliacja-skrot.read,orders.read,,25-kontrakty-domenowe-i-api/orders.md,OrdersRekoncyliacjaSkrotReadResponse / OrdersRekoncyliacjaSkrotReadData; pola domenowe zgodne z contracts/api-schemas.ts
32.07,Eksport,09-zamowienia/32-07-eksport.md,runtime-screen,yes,/app/orders/eksport,/api/v1/orders/eksport,/v1/orders/eksport,orders.eksport.read,,orders.eksport.read,orders.read,,25-kontrakty-domenowe-i-api/orders.md,OrdersEksportReadResponse / OrdersEksportReadData; pola domenowe zgodne z contracts/api-schemas.ts
32.08,Warianty zamówień,09-zamowienia/32-08-warianty-zamowien.md,storybook-variants,no,,,,,,,,,,Brak DTO runtime; dokument policy/variants opisuje kompozycję i warunki użycia.
33.01,Przegląd,10-produkty/33-01-przeglad.md,runtime-screen,yes,/app/products/przeglad,/api/v1/products/przeglad,/v1/products/przeglad,products.overview.read,,products.overview.read,products.read,,25-kontrakty-domenowe-i-api/products.md,ProductsOverviewReadResponse / ProductsOverviewReadData; pola domenowe zgodne z contracts/api-schemas.ts
33.02,Katalog,10-produkty/33-02-katalog.md,runtime-screen,yes,/app/products/katalog,/api/v1/products/katalog,/v1/products/katalog,products.catalog.read,,products.catalog.read,products.read,,25-kontrakty-domenowe-i-api/products.md,ProductsCatalogReadResponse / ProductsCatalogReadData; pola domenowe zgodne z contracts/api-schemas.ts
33.03,Szczegóły,10-produkty/33-03-szczegoly.md,runtime-screen,yes,/app/products/szczegoly/:resourceId,/api/v1/products/szczegoly/{resourceId},/v1/products/szczegoly/{resourceId},products.detail.read,,products.detail.read,products.read,,25-kontrakty-domenowe-i-api/products.md,ProductsDetailReadResponse / ProductsDetailReadData; pola domenowe zgodne z contracts/api-schemas.ts
33.04,Mapowanie,10-produkty/33-04-mapowanie.md,runtime-screen,yes,/app/products/mapowanie,/api/v1/products/mapowanie,/v1/products/mapowanie,products.mapping.read,,products.mapping.read,products.read,,25-kontrakty-domenowe-i-api/products.md,ProductsMappingReadResponse / ProductsMappingReadData; pola domenowe zgodne z contracts/api-schemas.ts
33.05,Oferty,10-produkty/33-05-oferty.md,runtime-screen,yes,/app/products/oferty,/api/v1/products/oferty,/v1/products/oferty,products.offers.read,,products.offers.read,products.read,,25-kontrakty-domenowe-i-api/products.md,ProductsOffersReadResponse / ProductsOffersReadData; pola domenowe zgodne z contracts/api-schemas.ts
33.06,Wydajność,10-produkty/33-06-wydajnosc.md,runtime-screen,yes,/app/products/wydajnosc,/api/v1/products/wydajnosc,/v1/products/wydajnosc,products.performance.read,,products.performance.read,products.read,,25-kontrakty-domenowe-i-api/products.md,ProductsPerformanceReadResponse / ProductsPerformanceReadData; pola domenowe zgodne z contracts/api-schemas.ts
33.07,Kolejka braków,10-produkty/33-07-kolejka-brakow.md,runtime-screen,yes,/app/products/kolejka-brakow,/api/v1/products/kolejka-brakow,/v1/products/kolejka-brakow,products.gaps.queue.read,,products.gaps.queue.read,products.read,,25-kontrakty-domenowe-i-api/products.md,ProductsGapsQueueReadResponse / ProductsGapsQueueReadData; pola domenowe zgodne z contracts/api-schemas.ts
33.08,Analiza wpływu,10-produkty/33-08-analiza-wplywu.md,runtime-screen,yes,/app/products/analiza-wplywu,/api/v1/products/analiza-wplywu,/v1/products/analiza-wplywu,products.impact.read,,products.impact.read,products.read,,25-kontrakty-domenowe-i-api/products.md,ProductsImpactReadResponse / ProductsImpactReadData; pola domenowe zgodne z contracts/api-schemas.ts
33.09,Warianty produktów,10-produkty/33-09-warianty-produktow.md,storybook-variants,no,,,,,,,,,,Brak DTO runtime; dokument policy/variants opisuje kompozycję i warunki użycia.
34.01,Przegląd,11-klienci/34-01-przeglad.md,runtime-screen,yes,/app/customers/przeglad,/api/v1/customers/przeglad,/v1/customers/przeglad,customers.overview.read,,customers.overview.read,customers.read,,25-kontrakty-domenowe-i-api/customers.md,CustomersOverviewReadResponse / CustomersOverviewReadData; pola domenowe zgodne z contracts/api-schemas.ts
34.02,Segmenty,11-klienci/34-02-segmenty.md,runtime-screen,yes,/app/customers/segmenty,/api/v1/customers/segmenty,/v1/customers/segmenty,customers.segments.read,,customers.segments.read,customers.read,,25-kontrakty-domenowe-i-api/customers.md,CustomersSegmentsReadResponse / CustomersSegmentsReadData; pola domenowe zgodne z contracts/api-schemas.ts
34.03,Kohorty,11-klienci/34-03-kohorty.md,runtime-screen,yes,/app/customers/kohorty,/api/v1/customers/kohorty,/v1/customers/kohorty,customers.cohorts.read,,customers.cohorts.read,customers.read,,25-kontrakty-domenowe-i-api/customers.md,CustomersCohortsReadResponse / CustomersCohortsReadData; pola domenowe zgodne z contracts/api-schemas.ts
34.04,Szczegóły pseudonimizowane,11-klienci/34-04-szczegoly-pseudonimizowane.md,runtime-screen,yes,/app/customers/szczegoly-pseudonimizowane/:resourceId,/api/v1/customers/szczegoly-pseudonimizowane/{resourceId},/v1/customers/szczegoly-pseudonimizowane/{resourceId},customers.pseudonymized-detail.read,,customers.pseudonymized-detail.read,customers.read,,25-kontrakty-domenowe-i-api/customers.md,CustomersPseudonymizedDetailReadResponse / CustomersPseudonymizedDetailReadData; pola domenowe zgodne z contracts/api-schemas.ts
34.05,Konflikty tożsamości,11-klienci/34-05-konflikty-tozsamosci.md,runtime-screen,yes,/app/customers/konflikty-tozsamosci,/api/v1/customers/konflikty-tozsamosci,/v1/customers/konflikty-tozsamosci,customers.identity-conflicts.read,,customers.identity-conflicts.read,customers.read,,25-kontrakty-domenowe-i-api/customers.md,CustomersIdentityConflictsReadResponse / CustomersIdentityConflictsReadData; pola domenowe zgodne z contracts/api-schemas.ts
34.06,Prywatność,11-klienci/34-06-prywatnosc.md,runtime-screen,yes,/app/customers/prywatnosc,/api/v1/customers/prywatnosc,/v1/customers/prywatnosc,customers.privacy.read,,customers.privacy.read,customers.read,,25-kontrakty-domenowe-i-api/customers.md,CustomersPrivacyReadResponse / CustomersPrivacyReadData; pola domenowe zgodne z contracts/api-schemas.ts
34.07,Analiza wpływu,11-klienci/34-07-analiza-wplywu.md,runtime-screen,yes,/app/customers/analiza-wplywu,/api/v1/customers/analiza-wplywu,/v1/customers/analiza-wplywu,customers.impact.read,,customers.impact.read,customers.read,,25-kontrakty-domenowe-i-api/customers.md,CustomersImpactReadResponse / CustomersImpactReadData; pola domenowe zgodne z contracts/api-schemas.ts
34.08,Warianty klientów,11-klienci/34-08-warianty-klientow.md,storybook-variants,no,,,,,,,,,,Brak DTO runtime; dokument policy/variants opisuje kompozycję i warunki użycia.
35.01,Przegląd ruchu,12-ruch-i-lejek/35-01-przeglad-ruchu.md,runtime-screen,yes,/app/traffic/przeglad-ruchu,/api/v1/traffic/przeglad-ruchu,/v1/traffic/przeglad-ruchu,traffic.overview.read,,traffic.overview.read,traffic.read,,25-kontrakty-domenowe-i-api/traffic.md,TrafficOverviewReadResponse / TrafficOverviewReadData; pola domenowe zgodne z contracts/api-schemas.ts
35.02,Kanały,12-ruch-i-lejek/35-02-kanaly.md,runtime-screen,yes,/app/traffic/kanaly,/api/v1/traffic/kanaly,/v1/traffic/kanaly,traffic.channels.read,,traffic.channels.read,traffic.read,,25-kontrakty-domenowe-i-api/traffic.md,TrafficChannelsReadResponse / TrafficChannelsReadData; pola domenowe zgodne z contracts/api-schemas.ts
35.03,Lejek — widok,12-ruch-i-lejek/35-03-lejek-widok.md,runtime-screen,yes,/app/traffic/lejek-widok,/api/v1/traffic/lejek-widok,/v1/traffic/lejek-widok,traffic.funnel.read,,traffic.funnel.read,traffic.read,,25-kontrakty-domenowe-i-api/traffic.md,TrafficFunnelReadResponse / TrafficFunnelReadData; pola domenowe zgodne z contracts/api-schemas.ts
35.04,Lejek — szczegóły kroku,12-ruch-i-lejek/35-04-lejek-szczegoly-kroku.md,runtime-screen,yes,/app/traffic/lejek-szczegoly-kroku/:resourceId,/api/v1/traffic/lejek-szczegoly-kroku/{resourceId},/v1/traffic/lejek-szczegoly-kroku/{resourceId},traffic.funnel-step.read,,traffic.funnel-step.read,traffic.read,,25-kontrakty-domenowe-i-api/traffic.md,TrafficFunnelStepReadResponse / TrafficFunnelStepReadData; pola domenowe zgodne z contracts/api-schemas.ts
35.05,Definicje lejka,12-ruch-i-lejek/35-05-definicje-lejka.md,runtime-screen,yes,/app/traffic/definicje-lejka,/api/v1/traffic/definicje-lejka,/v1/traffic/definicje-lejka,traffic.funnel-definitions.read,,traffic.funnel-definitions.read,traffic.read,,25-kontrakty-domenowe-i-api/traffic.md,TrafficFunnelDefinitionsReadResponse / TrafficFunnelDefinitionsReadData; pola domenowe zgodne z contracts/api-schemas.ts
35.06,GA4 vs zamówienia,12-ruch-i-lejek/35-06-ga4-vs-zamowienia.md,runtime-screen,yes,/app/traffic/ga4-vs-zamowienia,/api/v1/traffic/ga4-vs-zamowienia,/v1/traffic/ga4-vs-zamowienia,traffic.ga4-orders.read,,traffic.ga4-orders.read,traffic.read,,25-kontrakty-domenowe-i-api/traffic.md,TrafficGa4OrdersReadResponse / TrafficGa4OrdersReadData; pola domenowe zgodne z contracts/api-schemas.ts
35.07,Jakość zdarzeń,12-ruch-i-lejek/35-07-jakosc-zdarzen.md,runtime-screen,yes,/app/traffic/jakosc-zdarzen,/api/v1/traffic/jakosc-zdarzen,/v1/traffic/jakosc-zdarzen,traffic.event-quality.read,,traffic.event-quality.read,traffic.read,,25-kontrakty-domenowe-i-api/traffic.md,TrafficEventQualityReadResponse / TrafficEventQualityReadData; pola domenowe zgodne z contracts/api-schemas.ts
35.08,Strony wejścia,12-ruch-i-lejek/35-08-strony-wejscia.md,runtime-screen,yes,/app/traffic/strony-wejscia,/api/v1/traffic/strony-wejscia,/v1/traffic/strony-wejscia,traffic.landing-pages.read,,traffic.landing-pages.read,traffic.read,,25-kontrakty-domenowe-i-api/traffic.md,TrafficLandingPagesReadResponse / TrafficLandingPagesReadData; pola domenowe zgodne z contracts/api-schemas.ts
35.09,Warianty ruchu,12-ruch-i-lejek/35-09-warianty-ruchu.md,storybook-variants,no,,,,,,,,,,Brak DTO runtime; dokument policy/variants opisuje kompozycję i warunki użycia.
40.01,Katalog integracji,13-integracje-i-synchronizacja/40-01-katalog-integracji.md,runtime-screen,yes,/app/integrations/katalog-integracji,/api/v1/integrations/katalog-integracji,/v1/integrations/katalog-integracji,integrations.catalog.read,,integrations.catalog.read,integrations.read,,25-kontrakty-domenowe-i-api/integrations.md,IntegrationsCatalogReadResponse / IntegrationsCatalogReadData; pola domenowe zgodne z contracts/api-schemas.ts
40.02,Kreator połączenia,13-integracje-i-synchronizacja/40-02-kreator-polaczenia.md,runtime-screen,yes,/app/integrations/kreator-polaczenia,/api/v1/integrations/kreator-polaczenia,/v1/integrations/kreator-polaczenia,integrations.connection-wizard.read,,integrations.connection-wizard.read,integrations.read,,25-kontrakty-domenowe-i-api/integrations.md,IntegrationsConnectionWizardReadResponse / IntegrationsConnectionWizardReadData; pola domenowe zgodne z contracts/api-schemas.ts
40.03,Szczegóły integracji,13-integracje-i-synchronizacja/40-03-szczegoly-integracji.md,runtime-screen,yes,/app/integrations/szczegoly-integracji/:resourceId,/api/v1/integrations/szczegoly-integracji/{resourceId},/v1/integrations/szczegoly-integracji/{resourceId},integrations.detail.read,,integrations.detail.read,integrations.read,,25-kontrakty-domenowe-i-api/integrations.md,IntegrationsDetailReadResponse / IntegrationsDetailReadData; pola domenowe zgodne z contracts/api-schemas.ts
40.04,Historia synchronizacji,13-integracje-i-synchronizacja/40-04-historia-synchronizacji.md,runtime-screen,yes,/app/integrations/historia-synchronizacji,/api/v1/integrations/historia-synchronizacji,/v1/integrations/historia-synchronizacji,integrations.sync-history.read,,integrations.sync-history.read,integrations.read,,25-kontrakty-domenowe-i-api/integrations.md,IntegrationsSyncHistoryReadResponse / IntegrationsSyncHistoryReadData; pola domenowe zgodne z contracts/api-schemas.ts
40.05,Przebieg synchronizacji,13-integracje-i-synchronizacja/40-05-przebieg-synchronizacji.md,runtime-screen,yes,/app/integrations/przebieg-synchronizacji,/api/v1/integrations/przebieg-synchronizacji,/v1/integrations/przebieg-synchronizacji,integrations.sync-run.read,,integrations.sync-run.read,integrations.read,,25-kontrakty-domenowe-i-api/integrations.md,IntegrationsSyncRunReadResponse / IntegrationsSyncRunReadData; pola domenowe zgodne z contracts/api-schemas.ts
40.06,Zakres synchronizacji,13-integracje-i-synchronizacja/40-06-zakres-synchronizacji.md,runtime-screen,yes,/app/integrations/zakres-synchronizacji,/api/v1/integrations/zakres-synchronizacji,/v1/integrations/zakres-synchronizacji,integrations.sync-scope.read,,integrations.sync-scope.read,integrations.read,,25-kontrakty-domenowe-i-api/integrations.md,IntegrationsSyncScopeReadResponse / IntegrationsSyncScopeReadData; pola domenowe zgodne z contracts/api-schemas.ts
40.07,Ponowne połączenie,13-integracje-i-synchronizacja/40-07-ponowne-polaczenie.md,runtime-screen,yes,/app/integrations/ponowne-polaczenie,/api/v1/integrations/ponowne-polaczenie,/v1/integrations/ponowne-polaczenie,integrations.reconnect.read,,integrations.reconnect.read,integrations.read,,25-kontrakty-domenowe-i-api/integrations.md,IntegrationsReconnectReadResponse / IntegrationsReconnectReadData; pola domenowe zgodne z contracts/api-schemas.ts
40.08,Odłączenie,13-integracje-i-synchronizacja/40-08-odlaczenie.md,runtime-screen,yes,/app/integrations/odlaczenie,/api/v1/integrations/odlaczenie,/v1/integrations/odlaczenie,integrations.disconnect.read,,integrations.disconnect.read,integrations.read,,25-kontrakty-domenowe-i-api/integrations.md,IntegrationsDisconnectReadResponse / IntegrationsDisconnectReadData; pola domenowe zgodne z contracts/api-schemas.ts
40.09,Awaria providera,13-integracje-i-synchronizacja/40-09-awaria-providera.md,runtime-screen,yes,/app/integrations/awaria-providera,/api/v1/integrations/awaria-providera,/v1/integrations/awaria-providera,integrations.provider-outage.read,,integrations.provider-outage.read,integrations.read,,25-kontrakty-domenowe-i-api/integrations.md,IntegrationsProviderOutageReadResponse / IntegrationsProviderOutageReadData; pola domenowe zgodne z contracts/api-schemas.ts
40.10,Warianty integracji,13-integracje-i-synchronizacja/40-10-warianty-integracji.md,storybook-variants,no,,,,,,,,,,Brak DTO runtime; dokument policy/variants opisuje kompozycję i warunki użycia.
41.01,Centrum jakości,14-jakosc-danych-i-integralnosc/41-01-centrum-jakosci.md,runtime-screen,yes,/app/data-quality/centrum-jakosci,/api/v1/data-quality/centrum-jakosci,/v1/data-quality/centrum-jakosci,data-quality.center.read,,data-quality.center.read,data-quality.read,,25-kontrakty-domenowe-i-api/data-quality.md,DataQualityCenterReadResponse / DataQualityCenterReadData; pola domenowe zgodne z contracts/api-schemas.ts
41.02,Zbiór danych,14-jakosc-danych-i-integralnosc/41-02-zbior-danych.md,runtime-screen,yes,/app/data-quality/zbior-danych,/api/v1/data-quality/zbior-danych,/v1/data-quality/zbior-danych,data-quality.dataset.read,,data-quality.dataset.read,data-quality.read,,25-kontrakty-domenowe-i-api/data-quality.md,DataQualityDatasetReadResponse / DataQualityDatasetReadData; pola domenowe zgodne z contracts/api-schemas.ts
41.03,Pochodzenie danych,14-jakosc-danych-i-integralnosc/41-03-pochodzenie-danych.md,runtime-screen,yes,/app/data-quality/pochodzenie-danych,/api/v1/data-quality/pochodzenie-danych,/v1/data-quality/pochodzenie-danych,data-quality.lineage.read,,data-quality.lineage.read,data-quality.read,,25-kontrakty-domenowe-i-api/data-quality.md,DataQualityLineageReadResponse / DataQualityLineageReadData; pola domenowe zgodne z contracts/api-schemas.ts
41.04,Nakładanie źródeł,14-jakosc-danych-i-integralnosc/41-04-nakladanie-zrodel.md,runtime-screen,yes,/app/data-quality/nakladanie-zrodel,/api/v1/data-quality/nakladanie-zrodel,/v1/data-quality/nakladanie-zrodel,data-quality.source-overlap.read,,data-quality.source-overlap.read,data-quality.read,,25-kontrakty-domenowe-i-api/data-quality.md,DataQualitySourceOverlapReadResponse / DataQualitySourceOverlapReadData; pola domenowe zgodne z contracts/api-schemas.ts
41.05,Nadrzędność źródła,14-jakosc-danych-i-integralnosc/41-05-nadrzednosc-zrodla.md,runtime-screen,yes,/app/data-quality/nadrzednosc-zrodla,/api/v1/data-quality/nadrzednosc-zrodla,/v1/data-quality/nadrzednosc-zrodla,data-quality.source-priority.read,,data-quality.source-priority.read,data-quality.read,,25-kontrakty-domenowe-i-api/data-quality.md,DataQualitySourcePriorityReadResponse / DataQualitySourcePriorityReadData; pola domenowe zgodne z contracts/api-schemas.ts
41.06,Konflikty,14-jakosc-danych-i-integralnosc/41-06-konflikty.md,runtime-screen,yes,/app/data-quality/konflikty,/api/v1/data-quality/konflikty,/v1/data-quality/konflikty,data-quality.conflicts.read,,data-quality.conflicts.read,data-quality.read,,25-kontrakty-domenowe-i-api/data-quality.md,DataQualityConflictsReadResponse / DataQualityConflictsReadData; pola domenowe zgodne z contracts/api-schemas.ts
41.07,Przegląd ręczny,14-jakosc-danych-i-integralnosc/41-07-przeglad-reczny.md,runtime-screen,yes,/app/data-quality/przeglad-reczny,/api/v1/data-quality/przeglad-reczny,/v1/data-quality/przeglad-reczny,data-quality.manual-review.read,,data-quality.manual-review.read,data-quality.read,,25-kontrakty-domenowe-i-api/data-quality.md,DataQualityManualReviewReadResponse / DataQualityManualReviewReadData; pola domenowe zgodne z contracts/api-schemas.ts
41.08,Ponowne przetwarzanie,14-jakosc-danych-i-integralnosc/41-08-ponowne-przetwarzanie.md,runtime-screen,yes,/app/data-quality/ponowne-przetwarzanie,/api/v1/data-quality/ponowne-przetwarzanie,/v1/data-quality/ponowne-przetwarzanie,data-quality.reprocessing.read,,data-quality.reprocessing.read,data-quality.read,,25-kontrakty-domenowe-i-api/data-quality.md,DataQualityReprocessingReadResponse / DataQualityReprocessingReadData; pola domenowe zgodne z contracts/api-schemas.ts
41.09,Rekoncyliacja,14-jakosc-danych-i-integralnosc/41-09-rekoncyliacja.md,runtime-screen,yes,/app/data-quality/rekoncyliacja,/api/v1/data-quality/rekoncyliacja,/v1/data-quality/rekoncyliacja,data-quality.reconciliation.read,,data-quality.reconciliation.read,data-quality.read,,25-kontrakty-domenowe-i-api/data-quality.md,DataQualityReconciliationReadResponse / DataQualityReconciliationReadData; pola domenowe zgodne z contracts/api-schemas.ts
41.10,Warianty jakości danych,14-jakosc-danych-i-integralnosc/41-10-warianty-jakosci-danych.md,storybook-variants,no,,,,,,,,,,Brak DTO runtime; dokument policy/variants opisuje kompozycję i warunki użycia.
50.01,Panel kontekstowy Papa,15-papa-asystent-i-laboratorium-ai/50-01-panel-kontekstowy-papa.md,runtime-screen,yes,/app/papa/panel-kontekstowy-papa,/api/v1/papa/panel-kontekstowy-papa,/v1/papa/panel-kontekstowy-papa,papa.context-panel.read,,papa.context-panel.read,ai.read,,25-kontrakty-domenowe-i-api/papa.md,PapaContextPanelReadResponse / PapaContextPanelReadData; pola domenowe zgodne z contracts/api-schemas.ts
50.02,AssistantShell,15-papa-asystent-i-laboratorium-ai/50-02-assistantshell.md,runtime-screen,yes,/app/papa/assistantshell,/api/v1/papa/assistantshell,/v1/papa/assistantshell,papa.assistant-shell.read,,papa.assistant-shell.read,ai.read,,25-kontrakty-domenowe-i-api/papa.md,PapaAssistantShellReadResponse / PapaAssistantShellReadData; pola domenowe zgodne z contracts/api-schemas.ts
50.03,Tryby pracy,15-papa-asystent-i-laboratorium-ai/50-03-tryby-pracy.md,policy,no,,,,,,,,,,Brak DTO runtime; dokument policy/variants opisuje kompozycję i warunki użycia.
50.04,Context basket,15-papa-asystent-i-laboratorium-ai/50-04-context-basket.md,runtime-screen,yes,/app/papa/context-basket,/api/v1/papa/context-basket,/v1/papa/context-basket,papa.context-basket.read,,papa.context-basket.read,ai.read,,25-kontrakty-domenowe-i-api/papa.md,PapaContextBasketReadResponse / PapaContextBasketReadData; pola domenowe zgodne z contracts/api-schemas.ts
50.05,Odpowiedź Papa,15-papa-asystent-i-laboratorium-ai/50-05-odpowiedz-papa.md,runtime-screen,yes,/app/papa/odpowiedz-papa,/api/v1/papa/odpowiedz-papa,/v1/papa/odpowiedz-papa,papa.answer.read,,papa.answer.read,ai.read,,25-kontrakty-domenowe-i-api/papa.md,PapaAnswerReadResponse / PapaAnswerReadData; pola domenowe zgodne z contracts/api-schemas.ts
50.06,Dowody,15-papa-asystent-i-laboratorium-ai/50-06-dowody.md,runtime-screen,yes,/app/papa/dowody,/api/v1/papa/dowody,/v1/papa/dowody,papa.evidence.read,,papa.evidence.read,ai.read,,25-kontrakty-domenowe-i-api/papa.md,PapaEvidenceReadResponse / PapaEvidenceReadData; pola domenowe zgodne z contracts/api-schemas.ts
50.07,Confidence,15-papa-asystent-i-laboratorium-ai/50-07-confidence.md,policy,no,,,,,,,,,,Brak DTO runtime; dokument policy/variants opisuje kompozycję i warunki użycia.
50.08,Laboratorium AI,15-papa-asystent-i-laboratorium-ai/50-08-laboratorium-ai.md,runtime-screen,yes,/app/papa/laboratorium-ai,/api/v1/papa/laboratorium-ai,/v1/papa/laboratorium-ai,papa.lab.read,,papa.lab.read,ai.read,,25-kontrakty-domenowe-i-api/papa.md,PapaLabReadResponse / PapaLabReadData; pola domenowe zgodne z contracts/api-schemas.ts
50.09,Obserwacje,15-papa-asystent-i-laboratorium-ai/50-09-obserwacje.md,runtime-screen,yes,/app/papa/obserwacje,/api/v1/papa/obserwacje,/v1/papa/obserwacje,papa.observations.read,,papa.observations.read,ai.read,,25-kontrakty-domenowe-i-api/papa.md,PapaObservationsReadResponse / PapaObservationsReadData; pola domenowe zgodne z contracts/api-schemas.ts
50.10,Rekomendacje i warianty,15-papa-asystent-i-laboratorium-ai/50-10-rekomendacje-i-warianty.md,storybook-variants,no,,,,,,,,,,Brak DTO runtime; dokument policy/variants opisuje kompozycję i warunki użycia.
50.11,Propozycje AI,15-papa-asystent-i-laboratorium-ai/50-11-propozycje-ai.md,runtime-screen,yes,/app/papa/propozycje-ai,/api/v1/papa/propozycje-ai,/v1/papa/propozycje-ai,papa.proposals.read,,papa.proposals.read,ai.read,,25-kontrakty-domenowe-i-api/papa.md,PapaProposalsReadResponse / PapaProposalsReadData; pola domenowe zgodne z contracts/api-schemas.ts
50.12,AI Action Approval,15-papa-asystent-i-laboratorium-ai/50-12-ai-action-approval.md,runtime-screen,yes,/app/papa/ai-action-approval,/api/v1/papa/ai-action-approval,/v1/papa/ai-action-approval,papa.action-approval.read,,papa.action-approval.read,ai.read,,25-kontrakty-domenowe-i-api/papa.md,PapaActionApprovalReadResponse / PapaActionApprovalReadData; pola domenowe zgodne z contracts/api-schemas.ts
50.13,AI Actions,15-papa-asystent-i-laboratorium-ai/50-13-ai-actions.md,runtime-screen,yes,/app/papa/ai-actions,/api/v1/papa/ai-actions,/v1/papa/ai-actions,papa.actions.read,,papa.actions.read,ai.read,,25-kontrakty-domenowe-i-api/papa.md,PapaActionsReadResponse / PapaActionsReadData; pola domenowe zgodne z contracts/api-schemas.ts
50.14,Zablokowane działania AI,15-papa-asystent-i-laboratorium-ai/50-14-zablokowane-dzialania-ai.md,policy,no,,,,,,,,,,Brak DTO runtime; dokument policy/variants opisuje kompozycję i warunki użycia.
50.15,Historia i pamięć Papa,15-papa-asystent-i-laboratorium-ai/50-15-historia-i-pamiec-papa.md,runtime-screen,yes,/app/papa/historia-i-pamiec-papa,/api/v1/papa/historia-i-pamiec-papa,/v1/papa/historia-i-pamiec-papa,papa.history-memory.read,,papa.history-memory.read,ai.read,,25-kontrakty-domenowe-i-api/papa.md,PapaHistoryMemoryReadResponse / PapaHistoryMemoryReadData; pola domenowe zgodne z contracts/api-schemas.ts
50.16,Ustawienia AI i Governance,15-papa-asystent-i-laboratorium-ai/50-16-ustawienia-ai-i-governance.md,runtime-screen,yes,/app/papa/ustawienia-ai-i-governance,/api/v1/papa/ustawienia-ai-i-governance,/v1/papa/ustawienia-ai-i-governance,papa.governance.read,,papa.governance.read,ai.read,,25-kontrakty-domenowe-i-api/papa.md,PapaGovernanceReadResponse / PapaGovernanceReadData; pola domenowe zgodne z contracts/api-schemas.ts
50.17,Warianty Papa,15-papa-asystent-i-laboratorium-ai/50-17-warianty-papa.md,storybook-variants,no,,,,,,,,,,Brak DTO runtime; dokument policy/variants opisuje kompozycję i warunki użycia.
60.01,Organizacja,16-ustawienia-zespol-bezpieczenstwo/60-01-organizacja.md,runtime-screen,yes,/app/settings/organizacja,/api/v1/settings/organizacja,/v1/settings/organizacja,settings.organization.read,,settings.organization.read,settings.read,,25-kontrakty-domenowe-i-api/settings.md,SettingsOrganizationReadResponse / SettingsOrganizationReadData; pola domenowe zgodne z contracts/api-schemas.ts
60.02,Workspace,16-ustawienia-zespol-bezpieczenstwo/60-02-workspace.md,runtime-screen,yes,/app/settings/workspace,/api/v1/settings/workspace,/v1/settings/workspace,settings.workspace.read,,settings.workspace.read,settings.read,,25-kontrakty-domenowe-i-api/settings.md,SettingsWorkspaceReadResponse / SettingsWorkspaceReadData; pola domenowe zgodne z contracts/api-schemas.ts
60.03,Członkostwa,16-ustawienia-zespol-bezpieczenstwo/60-03-czlonkostwa.md,runtime-screen,yes,/app/settings/czlonkostwa,/api/v1/settings/czlonkostwa,/v1/settings/czlonkostwa,settings.memberships.read,,settings.memberships.read,settings.read,,25-kontrakty-domenowe-i-api/settings.md,SettingsMembershipsReadResponse / SettingsMembershipsReadData; pola domenowe zgodne z contracts/api-schemas.ts
60.04,Role i uprawnienia,16-ustawienia-zespol-bezpieczenstwo/60-04-role-i-uprawnienia.md,runtime-screen,yes,/app/settings/role-i-uprawnienia,/api/v1/settings/role-i-uprawnienia,/v1/settings/role-i-uprawnienia,settings.roles.read,,settings.roles.read,settings.read,,25-kontrakty-domenowe-i-api/settings.md,SettingsRolesReadResponse / SettingsRolesReadData; pola domenowe zgodne z contracts/api-schemas.ts
60.05,Bezpieczeństwo konta,16-ustawienia-zespol-bezpieczenstwo/60-05-bezpieczenstwo-konta.md,runtime-screen,yes,/app/settings/bezpieczenstwo-konta,/api/v1/settings/bezpieczenstwo-konta,/v1/settings/bezpieczenstwo-konta,settings.account-security.read,,settings.account-security.read,settings.read,,25-kontrakty-domenowe-i-api/settings.md,SettingsAccountSecurityReadResponse / SettingsAccountSecurityReadData; pola domenowe zgodne z contracts/api-schemas.ts
60.06,Sesje,16-ustawienia-zespol-bezpieczenstwo/60-06-sesje.md,runtime-screen,yes,/app/settings/sesje,/api/v1/settings/sesje,/v1/settings/sesje,settings.sessions.read,,settings.sessions.read,settings.read,,25-kontrakty-domenowe-i-api/settings.md,SettingsSessionsReadResponse / SettingsSessionsReadData; pola domenowe zgodne z contracts/api-schemas.ts
60.07,Audyt,16-ustawienia-zespol-bezpieczenstwo/60-07-audyt.md,runtime-screen,yes,/app/settings/audyt,/api/v1/settings/audyt,/v1/settings/audyt,settings.audit.read,,settings.audit.read,settings.read,,25-kontrakty-domenowe-i-api/settings.md,SettingsAuditReadResponse / SettingsAuditReadData; pola domenowe zgodne z contracts/api-schemas.ts
60.08,Prywatność,16-ustawienia-zespol-bezpieczenstwo/60-08-prywatnosc.md,runtime-screen,yes,/app/settings/prywatnosc,/api/v1/settings/prywatnosc,/v1/settings/prywatnosc,settings.privacy.read,,settings.privacy.read,settings.read,,25-kontrakty-domenowe-i-api/settings.md,SettingsPrivacyReadResponse / SettingsPrivacyReadData; pola domenowe zgodne z contracts/api-schemas.ts
60.09,Dostęp wsparcia,16-ustawienia-zespol-bezpieczenstwo/60-09-dostep-wsparcia.md,runtime-screen,yes,/app/settings/dostep-wsparcia,/api/v1/settings/dostep-wsparcia,/v1/settings/dostep-wsparcia,settings.support-access.read,,settings.support-access.read,settings.read,,25-kontrakty-domenowe-i-api/settings.md,SettingsSupportAccessReadResponse / SettingsSupportAccessReadData; pola domenowe zgodne z contracts/api-schemas.ts
60.10,Warianty ustawień,16-ustawienia-zespol-bezpieczenstwo/60-10-warianty-ustawien.md,storybook-variants,no,,,,,,,,,,Brak DTO runtime; dokument policy/variants opisuje kompozycję i warunki użycia.
70.01,Subskrypcja,17-subskrypcja-i-platnosci/70-01-subskrypcja.md,runtime-screen,yes,/app/billing/subskrypcja,/api/v1/billing/subskrypcja,/v1/billing/subskrypcja,billing.subscription.read,,billing.subscription.read,billing.read,,25-kontrakty-domenowe-i-api/billing.md,BillingSubscriptionReadResponse / BillingSubscriptionReadData; pola domenowe zgodne z contracts/api-schemas.ts
70.02,Użycie i limity,17-subskrypcja-i-platnosci/70-02-uzycie-i-limity.md,runtime-screen,yes,/app/billing/uzycie-i-limity,/api/v1/billing/uzycie-i-limity,/v1/billing/uzycie-i-limity,billing.usage-limits.read,,billing.usage-limits.read,billing.read,,25-kontrakty-domenowe-i-api/billing.md,BillingUsageLimitsReadResponse / BillingUsageLimitsReadData; pola domenowe zgodne z contracts/api-schemas.ts
70.03,Plany,17-subskrypcja-i-platnosci/70-03-plany.md,runtime-screen,yes,/app/billing/plany,/api/v1/billing/plany,/v1/billing/plany,billing.plans.read,,billing.plans.read,billing.read,,25-kontrakty-domenowe-i-api/billing.md,BillingPlansReadResponse / BillingPlansReadData; pola domenowe zgodne z contracts/api-schemas.ts
70.04,Faktury,17-subskrypcja-i-platnosci/70-04-faktury.md,runtime-screen,yes,/app/billing/faktury,/api/v1/billing/faktury,/v1/billing/faktury,billing.invoices.read,,billing.invoices.read,billing.read,,25-kontrakty-domenowe-i-api/billing.md,BillingInvoicesReadResponse / BillingInvoicesReadData; pola domenowe zgodne z contracts/api-schemas.ts
70.05,Płatności,17-subskrypcja-i-platnosci/70-05-platnosci.md,runtime-screen,yes,/app/billing/platnosci,/api/v1/billing/platnosci,/v1/billing/platnosci,billing.payments.read,,billing.payments.read,billing.read,,25-kontrakty-domenowe-i-api/billing.md,BillingPaymentsReadResponse / BillingPaymentsReadData; pola domenowe zgodne z contracts/api-schemas.ts
70.06,Zaległa płatność,17-subskrypcja-i-platnosci/70-06-zalegla-platnosc.md,runtime-screen,yes,/app/billing/zalegla-platnosc,/api/v1/billing/zalegla-platnosc,/v1/billing/zalegla-platnosc,billing.overdue-payment.read,,billing.overdue-payment.read,billing.read,,25-kontrakty-domenowe-i-api/billing.md,BillingOverduePaymentReadResponse / BillingOverduePaymentReadData; pola domenowe zgodne z contracts/api-schemas.ts
70.07,Korekty,17-subskrypcja-i-platnosci/70-07-korekty.md,runtime-screen,yes,/app/billing/korekty,/api/v1/billing/korekty,/v1/billing/korekty,billing.adjustments.read,,billing.adjustments.read,billing.read,,25-kontrakty-domenowe-i-api/billing.md,BillingAdjustmentsReadResponse / BillingAdjustmentsReadData; pola domenowe zgodne z contracts/api-schemas.ts
70.08,Zmiana i anulowanie,17-subskrypcja-i-platnosci/70-08-zmiana-i-anulowanie.md,runtime-screen,yes,/app/billing/zmiana-i-anulowanie,/api/v1/billing/zmiana-i-anulowanie,/v1/billing/zmiana-i-anulowanie,billing.change-cancel.read,,billing.change-cancel.read,billing.read,,25-kontrakty-domenowe-i-api/billing.md,BillingChangeCancelReadResponse / BillingChangeCancelReadData; pola domenowe zgodne z contracts/api-schemas.ts
70.09,Pilot do abonamentu,17-subskrypcja-i-platnosci/70-09-pilot-do-abonamentu.md,runtime-screen,yes,/app/billing/pilot-do-abonamentu,/api/v1/billing/pilot-do-abonamentu,/v1/billing/pilot-do-abonamentu,billing.pilot-to-subscription.read,,billing.pilot-to-subscription.read,billing.read,,25-kontrakty-domenowe-i-api/billing.md,BillingPilotToSubscriptionReadResponse / BillingPilotToSubscriptionReadData; pola domenowe zgodne z contracts/api-schemas.ts
70.10,Warianty billingowe,17-subskrypcja-i-platnosci/70-10-warianty-billingowe.md,storybook-variants,no,,,,,,,,,,Brak DTO runtime; dokument policy/variants opisuje kompozycję i warunki użycia.
80.01,Centrum decyzji,18-wsparcie-marketingowe-decyzje-dzialania/80-01-centrum-decyzji.md,runtime-screen,yes,/app/decisions/centrum-decyzji,/api/v1/decisions/centrum-decyzji,/v1/decisions/centrum-decyzji,decisions.center.read,,decisions.center.read,decisions.read,,25-kontrakty-domenowe-i-api/decisions.md,DecisionsCenterReadResponse / DecisionsCenterReadData; pola domenowe zgodne z contracts/api-schemas.ts
80.02,Obserwacje,18-wsparcie-marketingowe-decyzje-dzialania/80-02-obserwacje.md,runtime-screen,yes,/app/decisions/obserwacje,/api/v1/decisions/obserwacje,/v1/decisions/obserwacje,decisions.observations.read,,decisions.observations.read,decisions.read,,25-kontrakty-domenowe-i-api/decisions.md,DecisionsObservationsReadResponse / DecisionsObservationsReadData; pola domenowe zgodne z contracts/api-schemas.ts
80.03,Rekomendacje,18-wsparcie-marketingowe-decyzje-dzialania/80-03-rekomendacje.md,runtime-screen,yes,/app/decisions/rekomendacje,/api/v1/decisions/rekomendacje,/v1/decisions/rekomendacje,decisions.rekomendacje.read,,decisions.rekomendacje.read,decisions.read,,25-kontrakty-domenowe-i-api/decisions.md,DecisionsRekomendacjeReadResponse / DecisionsRekomendacjeReadData; pola domenowe zgodne z contracts/api-schemas.ts
80.04,Rejestr decyzji,18-wsparcie-marketingowe-decyzje-dzialania/80-04-rejestr-decyzji.md,runtime-screen,yes,/app/decisions/rejestr-decyzji,/api/v1/decisions/rejestr-decyzji,/v1/decisions/rejestr-decyzji,decisions.registry.read,,decisions.registry.read,decisions.read,,25-kontrakty-domenowe-i-api/decisions.md,DecisionsRegistryReadResponse / DecisionsRegistryReadData; pola domenowe zgodne z contracts/api-schemas.ts
80.05,Brief działania,18-wsparcie-marketingowe-decyzje-dzialania/80-05-brief-dzialania.md,runtime-screen,yes,/app/decisions/brief-dzialania,/api/v1/decisions/brief-dzialania,/v1/decisions/brief-dzialania,decisions.action-brief.read,,decisions.action-brief.read,decisions.read,,25-kontrakty-domenowe-i-api/decisions.md,DecisionsActionBriefReadResponse / DecisionsActionBriefReadData; pola domenowe zgodne z contracts/api-schemas.ts
80.06,Szczegóły działania,18-wsparcie-marketingowe-decyzje-dzialania/80-06-szczegoly-dzialania.md,runtime-screen,yes,/app/decisions/szczegoly-dzialania/:resourceId,/api/v1/decisions/szczegoly-dzialania/{resourceId},/v1/decisions/szczegoly-dzialania/{resourceId},decisions.action-detail.read,,decisions.action-detail.read,decisions.read,,25-kontrakty-domenowe-i-api/decisions.md,DecisionsActionDetailReadResponse / DecisionsActionDetailReadData; pola domenowe zgodne z contracts/api-schemas.ts
80.07,Pomiar,18-wsparcie-marketingowe-decyzje-dzialania/80-07-pomiar.md,runtime-screen,yes,/app/decisions/pomiar,/api/v1/decisions/pomiar,/v1/decisions/pomiar,decisions.measurement.read,,decisions.measurement.read,decisions.read,,25-kontrakty-domenowe-i-api/decisions.md,DecisionsMeasurementReadResponse / DecisionsMeasurementReadData; pola domenowe zgodne z contracts/api-schemas.ts
80.08,Biblioteka działań,18-wsparcie-marketingowe-decyzje-dzialania/80-08-biblioteka-dzialan.md,runtime-screen,yes,/app/decisions/biblioteka-dzialan,/api/v1/decisions/biblioteka-dzialan,/v1/decisions/biblioteka-dzialan,decisions.action-library.read,,decisions.action-library.read,decisions.read,,25-kontrakty-domenowe-i-api/decisions.md,DecisionsActionLibraryReadResponse / DecisionsActionLibraryReadData; pola domenowe zgodne z contracts/api-schemas.ts
80.09,Powiązania z modułami i sprawami,18-wsparcie-marketingowe-decyzje-dzialania/80-09-powiazania-z-modulami-i-sprawami.md,runtime-screen,yes,/app/decisions/powiazania-z-modulami-i-sprawami,/api/v1/decisions/powiazania-z-modulami-i-sprawami,/v1/decisions/powiazania-z-modulami-i-sprawami,decisions.relations.read,,decisions.relations.read,decisions.read,,25-kontrakty-domenowe-i-api/decisions.md,DecisionsRelationsReadResponse / DecisionsRelationsReadData; pola domenowe zgodne z contracts/api-schemas.ts
80.10,Warianty decyzji i działań,18-wsparcie-marketingowe-decyzje-dzialania/80-10-warianty-decyzji-i-dzialan.md,storybook-variants,no,,,,,,,,,,Brak DTO runtime; dokument policy/variants opisuje kompozycję i warunki użycia.
85.01,Strona główna pomocy,19-centrum-pomocy/85-01-strona-glowna-pomocy.md,runtime-screen,yes,/app/help/strona-glowna-pomocy,/api/v1/help/strona-glowna-pomocy,/v1/help/strona-glowna-pomocy,help.home.read,,help.home.read,help.read,,25-kontrakty-domenowe-i-api/help.md,HelpHomeReadResponse / HelpHomeReadData; pola domenowe zgodne z contracts/api-schemas.ts
85.02,Procedury,19-centrum-pomocy/85-02-procedury.md,runtime-screen,yes,/app/help/procedury/:resourceId,/api/v1/help/procedury/{resourceId},/v1/help/procedury/{resourceId},help.procedures.read,,help.procedures.read,help.read,,25-kontrakty-domenowe-i-api/help.md,HelpProceduresReadResponse / HelpProceduresReadData; pola domenowe zgodne z contracts/api-schemas.ts
85.03,Lista wyników,19-centrum-pomocy/85-03-lista-wynikow.md,runtime-screen,yes,/app/help/lista-wynikow,/api/v1/help/lista-wynikow,/v1/help/lista-wynikow,help.results.read,,help.results.read,help.read,,25-kontrakty-domenowe-i-api/help.md,HelpResultsReadResponse / HelpResultsReadData; pola domenowe zgodne z contracts/api-schemas.ts
85.04,Szczegóły procedury,19-centrum-pomocy/85-04-szczegoly-procedury.md,runtime-screen,yes,/app/help/szczegoly-procedury/:resourceId,/api/v1/help/szczegoly-procedury/{resourceId},/v1/help/szczegoly-procedury/{resourceId},help.procedure-detail.read,,help.procedure-detail.read,help.read,,25-kontrakty-domenowe-i-api/help.md,HelpProcedureDetailReadResponse / HelpProcedureDetailReadData; pola domenowe zgodne z contracts/api-schemas.ts
85.05,Zgłoszenie wsparcia,19-centrum-pomocy/85-05-zgloszenie-wsparcia.md,runtime-screen,yes,/app/help/zgloszenie-wsparcia/:resourceId,/api/v1/help/zgloszenie-wsparcia/{resourceId},/v1/help/zgloszenie-wsparcia/{resourceId},help.support-request.read,,help.support-request.read,help.read,,25-kontrakty-domenowe-i-api/help.md,HelpSupportRequestReadResponse / HelpSupportRequestReadData; pola domenowe zgodne z contracts/api-schemas.ts
85.06,Warianty Centrum Pomocy,19-centrum-pomocy/85-06-warianty-centrum-pomocy.md,storybook-variants,no,,,,,,,,,,Brak DTO runtime; dokument policy/variants opisuje kompozycję i warunki użycia.
