operation_id,domain,kind,method,bff_route,service_route,capability,request_schema,response_schema,status,owner
access.bootstrap,access,command,POST,/api/v1/access/bootstrap,/v1/access/bootstrap,access.write,AccessBootstrapRequest,AccessBootstrapResponse,approved-target,Artur Wiśniewski
access.resolve,access,command,POST,/api/v1/access/resolve,/v1/access/resolve,access.read,AccessResolveRequest,AccessResolveResponse,approved-target,Artur Wiśniewski
access.tenant.select,access,command,POST,/api/v1/access/tenant/select,/v1/access/tenant/select,access.write,AccessTenantSelectRequest,AccessTenantSelectResponse,approved-target,Artur Wiśniewski
access.tenants.list,access,query,GET,/api/v1/access/tenants/list,/v1/access/tenants/list,access.read,AccessTenantsListRequest,AccessTenantsListResponse,approved-target,Artur Wiśniewski
access.workspace.select,access,command,POST,/api/v1/access/workspace/select,/v1/access/workspace/select,workspace.write,AccessWorkspaceSelectRequest,AccessWorkspaceSelectResponse,approved-target,Artur Wiśniewski
access.workspaces.list,access,query,GET,/api/v1/access/workspaces/list,/v1/access/workspaces/list,access.read,AccessWorkspacesListRequest,AccessWorkspacesListResponse,approved-target,Artur Wiśniewski
actions.read,actions,query,GET,/api/v1/actions/read,/v1/actions/read,actions.read,ActionsReadRequest,ActionsReadResponse,approved-target,Artur Wiśniewski
actions.write,actions,command,POST,/api/v1/actions/write,/v1/actions/write,actions.write,ActionsWriteRequest,ActionsWriteResponse,approved-target,Artur Wiśniewski
auth.access.blocked.read,auth,query,GET,/api/v1/auth/access/blocked,/v1/auth/access/blocked,auth.read,AuthAccessBlockedReadRequest,AuthAccessBlockedReadResponse,approved-target,Artur Wiśniewski
auth.access.resolve,auth,command,POST,/api/v1/auth/access/resolve,/v1/auth/access/resolve,auth.write,AuthAccessResolveRequest,AuthAccessResolveResponse,approved-target,Artur Wiśniewski
auth.account.link,auth,command,POST,/api/v1/auth/account/link,/v1/auth/account/link,auth.write,AuthAccountLinkRequest,AuthAccountLinkResponse,approved-target,Artur Wiśniewski
auth.consents.accept,auth,command,POST,/api/v1/auth/consents,/v1/auth/consents,auth.write,AuthConsentsAcceptRequest,AuthConsentsAcceptResponse,approved-target,Artur Wiśniewski
auth.email.resend,auth,command,POST,/api/v1/auth/email/resend,/v1/auth/email/resend,auth.write,AuthEmailResendRequest,AuthEmailResendResponse,approved-target,Artur Wiśniewski
auth.email.verify,auth,command,POST,/api/v1/auth/email/verify,/v1/auth/email/verify,auth.write,AuthEmailVerifyRequest,AuthEmailVerifyResponse,approved-target,Artur Wiśniewski
auth.login,auth,command,POST,/api/v1/auth/login,/v1/auth/login,auth.write,AuthLoginRequest,AuthLoginResponse,approved-target,Artur Wiśniewski
auth.logout,auth,command,POST,/api/v1/auth/logout,/v1/auth/logout,auth.write,AuthLogoutRequest,AuthLogoutResponse,approved-target,Artur Wiśniewski
auth.mfa.confirm,auth,command,POST,/api/v1/auth/mfa/confirm,/v1/auth/mfa/confirm,auth.write,AuthMfaConfirmRequest,AuthMfaConfirmResponse,approved-target,Artur Wiśniewski
auth.mfa.enroll,auth,command,POST,/api/v1/auth/mfa/enroll,/v1/auth/mfa/enroll,auth.write,AuthMfaEnrollRequest,AuthMfaEnrollResponse,approved-target,Artur Wiśniewski
auth.mfa.verify,auth,command,POST,/api/v1/auth/mfa/verify,/v1/auth/mfa/verify,auth.write,AuthMfaVerifyRequest,AuthMfaVerifyResponse,approved-target,Artur Wiśniewski
auth.oauth.callback,auth,callback,POST,/api/v1/auth/oauth/callback,/v1/auth/oauth/callback,auth.write,AuthOauthCallbackRequest,AuthOauthCallbackResponse,approved-target,Artur Wiśniewski
auth.oauth.start,auth,command,POST,/api/v1/auth/oauth/start,/v1/auth/oauth/start,auth.write,AuthOauthStartRequest,AuthOauthStartResponse,approved-target,Artur Wiśniewski
auth.password.recovery.request,auth,command,POST,/api/v1/auth/password/recovery/request,/v1/auth/password/recovery/request,auth.write,AuthPasswordRecoveryRequestRequest,AuthPasswordRecoveryRequestResponse,approved-target,Artur Wiśniewski
auth.password.recovery.token.validate,auth,callback,POST,/api/v1/auth/password/recovery/token/validate,/v1/auth/password/recovery/token/validate,auth.read,AuthPasswordRecoveryTokenValidateRequest,AuthPasswordRecoveryTokenValidateResponse,approved-target,Artur Wiśniewski
auth.password.reset,auth,command,POST,/api/v1/auth/password/reset,/v1/auth/password/reset,auth.write,AuthPasswordResetRequest,AuthPasswordResetResponse,approved-target,Artur Wiśniewski
auth.reauthenticate,auth,command,POST,/api/v1/auth/reauthenticate,/v1/auth/reauthenticate,auth.write,AuthReauthenticateRequest,AuthReauthenticateResponse,approved-target,Artur Wiśniewski
auth.register.email,auth,command,POST,/api/v1/auth/register/email,/v1/auth/register/email,auth.write,AuthRegisterEmailRequest,AuthRegisterEmailResponse,approved-target,Artur Wiśniewski
auth.registration.finalize,auth,job,POST,/api/v1/auth/registration/finalize,/v1/auth/registration/finalize,auth.write,AuthRegistrationFinalizeRequest,AuthRegistrationFinalizeResponse,approved-target,Artur Wiśniewski
auth.session.read,auth,query,GET,/api/v1/auth/session,/v1/auth/session,auth.read,AuthSessionReadRequest,AuthSessionReadResponse,approved-target,Artur Wiśniewski
auth.status.read,auth,query,GET,/api/v1/auth/status,/v1/auth/status,auth.read,AuthStatusReadRequest,AuthStatusReadResponse,approved-target,Artur Wiśniewski
billing.adjustments.read,billing,query,GET,/api/v1/billing/korekty,/v1/billing/korekty,billing.read,BillingAdjustmentsReadRequest,BillingAdjustmentsReadResponse,approved-target,Artur Wiśniewski
billing.change-cancel.read,billing,query,GET,/api/v1/billing/zmiana-i-anulowanie,/v1/billing/zmiana-i-anulowanie,billing.read,BillingChangeCancelReadRequest,BillingChangeCancelReadResponse,approved-target,Artur Wiśniewski
billing.entitlements.read,billing,query,GET,/api/v1/billing/entitlements,/v1/billing/entitlements,billing.read,BillingEntitlementsReadRequest,BillingEntitlementsReadResponse,approved-target,Artur Wiśniewski
billing.invoices.read,billing,query,GET,/api/v1/billing/faktury,/v1/billing/faktury,billing.read,BillingInvoicesReadRequest,BillingInvoicesReadResponse,approved-target,Artur Wiśniewski
billing.overdue-payment.read,billing,query,GET,/api/v1/billing/zalegla-platnosc,/v1/billing/zalegla-platnosc,billing.read,BillingOverduePaymentReadRequest,BillingOverduePaymentReadResponse,approved-target,Artur Wiśniewski
billing.overdue.resolve,billing,command,POST,/api/v1/billing/overdue/resolve,/v1/billing/overdue/resolve,billing.write,BillingOverdueResolveRequest,BillingOverdueResolveResponse,approved-target,Artur Wiśniewski
billing.payment.method.update,billing,command,PUT,/api/v1/billing/payment-method,/v1/billing/payment-method,billing.write,BillingPaymentMethodUpdateRequest,BillingPaymentMethodUpdateResponse,approved-target,Artur Wiśniewski
billing.payments.read,billing,query,GET,/api/v1/billing/platnosci,/v1/billing/platnosci,billing.read,BillingPaymentsReadRequest,BillingPaymentsReadResponse,approved-target,Artur Wiśniewski
billing.pilot-to-subscription.read,billing,query,GET,/api/v1/billing/pilot-do-abonamentu,/v1/billing/pilot-do-abonamentu,billing.read,BillingPilotToSubscriptionReadRequest,BillingPilotToSubscriptionReadResponse,approved-target,Artur Wiśniewski
billing.pilot.read,billing,query,GET,/api/v1/billing/pilot,/v1/billing/pilot,billing.read,BillingPilotReadRequest,BillingPilotReadResponse,approved-target,Artur Wiśniewski
billing.plan.select,billing,command,POST,/api/v1/billing/plan/select,/v1/billing/plan/select,billing.write,BillingPlanSelectRequest,BillingPlanSelectResponse,approved-target,Artur Wiśniewski
billing.plans.read,billing,query,GET,/api/v1/billing/plany,/v1/billing/plany,billing.read,BillingPlansReadRequest,BillingPlansReadResponse,approved-target,Artur Wiśniewski
billing.read,billing,query,GET,/api/v1/billing/read,/v1/billing/read,billing.read,BillingReadRequest,BillingReadResponse,approved-target,Artur Wiśniewski
billing.subscription.activate,billing,command,POST,/api/v1/billing/subscription/activate,/v1/billing/subscription/activate,billing.write,BillingSubscriptionActivateRequest,BillingSubscriptionActivateResponse,approved-target,Artur Wiśniewski
billing.subscription.read,billing,query,GET,/api/v1/billing/subskrypcja,/v1/billing/subskrypcja,billing.read,BillingSubscriptionReadRequest,BillingSubscriptionReadResponse,approved-target,Artur Wiśniewski
billing.usage-limits.read,billing,query,GET,/api/v1/billing/uzycie-i-limity,/v1/billing/uzycie-i-limity,billing.read,BillingUsageLimitsReadRequest,BillingUsageLimitsReadResponse,approved-target,Artur Wiśniewski
billing.write,billing,command,POST,/api/v1/billing/write,/v1/billing/write,billing.write,BillingWriteRequest,BillingWriteResponse,approved-target,Artur Wiśniewski
campaigns.attribution-sales.read,campaigns,query,GET,/api/v1/campaigns/atrybucja-i-sprzedaz,/v1/campaigns/atrybucja-i-sprzedaz,campaigns.read,CampaignsAttributionSalesReadRequest,CampaignsAttributionSalesReadResponse,approved-target,Artur Wiśniewski
campaigns.budget.change.propose,campaigns,command,POST,/api/v1/campaigns/budget/proposals,/v1/campaigns/budget/proposals,campaigns.write,CampaignsBudgetChangeProposeRequest,CampaignsBudgetChangeProposeResponse,approved-target,Artur Wiśniewski
campaigns.budget.read,campaigns,query,GET,/api/v1/campaigns/budzet,/v1/campaigns/budzet,campaigns.read,CampaignsBudgetReadRequest,CampaignsBudgetReadResponse,approved-target,Artur Wiśniewski
campaigns.budget.recommendation.read,campaigns,query,GET,/api/v1/campaigns/budget/recommendation,/v1/campaigns/budget/recommendation,campaigns.read,CampaignsBudgetRecommendationReadRequest,CampaignsBudgetRecommendationReadResponse,approved-target,Artur Wiśniewski
campaigns.detail.read,campaigns,query,GET,/api/v1/campaigns/szczegoly-kampanii,/v1/campaigns/szczegoly-kampanii,campaigns.read,CampaignsDetailReadRequest,CampaignsDetailReadResponse,approved-target,Artur Wiśniewski
campaigns.diagnostics.read,campaigns,query,GET,/api/v1/campaigns/diagnostyka,/v1/campaigns/diagnostyka,campaigns.read,CampaignsDiagnosticsReadRequest,CampaignsDiagnosticsReadResponse,approved-target,Artur Wiśniewski
campaigns.list.read,campaigns,query,GET,/api/v1/campaigns/lista-kampanii,/v1/campaigns/lista-kampanii,campaigns.read,CampaignsListReadRequest,CampaignsListReadResponse,approved-target,Artur Wiśniewski
campaigns.overview.read,campaigns,query,GET,/api/v1/campaigns/przeglad,/v1/campaigns/przeglad,campaigns.read,CampaignsOverviewReadRequest,CampaignsOverviewReadResponse,approved-target,Artur Wiśniewski
campaigns.read,campaigns,query,GET,/api/v1/campaigns/read,/v1/campaigns/read,campaigns.read,CampaignsReadRequest,CampaignsReadResponse,approved-target,Artur Wiśniewski
campaigns.recommendations.read,campaigns,query,GET,/api/v1/campaigns/rekomendacje-kontekst-domenowy,/v1/campaigns/rekomendacje-kontekst-domenowy,campaigns.read,CampaignsRecommendationsReadRequest,CampaignsRecommendationsReadResponse,approved-target,Artur Wiśniewski
campaigns.write,campaigns,command,POST,/api/v1/campaigns/write,/v1/campaigns/write,campaigns.write,CampaignsWriteRequest,CampaignsWriteResponse,approved-target,Artur Wiśniewski
command-center.ai-recommendations.read,command-center,query,GET,/api/v1/command-center/rekomendacje-ai-skrot,/v1/command-center/rekomendacje-ai-skrot,analytics.read,CommandCenterAiRecommendationsReadRequest,CommandCenterAiRecommendationsReadResponse,approved-target,Artur Wiśniewski
command-center.attention.queue.read,command-center,query,GET,/api/v1/command-center/kolejka-uwagi,/v1/command-center/kolejka-uwagi,analytics.read,CommandCenterAttentionQueueReadRequest,CommandCenterAttentionQueueReadResponse,approved-target,Artur Wiśniewski
command-center.customers-summary.read,command-center,query,GET,/api/v1/command-center/klienci,/v1/command-center/klienci,analytics.read,CommandCenterCustomersSummaryReadRequest,CommandCenterCustomersSummaryReadResponse,approved-target,Artur Wiśniewski
command-center.drivers.read,command-center,query,GET,/api/v1/command-center/drivery-wyniku,/v1/command-center/drivery-wyniku,analytics.read,CommandCenterDriversReadRequest,CommandCenterDriversReadResponse,approved-target,Artur Wiśniewski
command-center.funnel.read,command-center,query,GET,/api/v1/command-center/lejek,/v1/command-center/lejek,analytics.read,CommandCenterFunnelReadRequest,CommandCenterFunnelReadResponse,approved-target,Artur Wiśniewski
command-center.kpi.read,command-center,query,GET,/api/v1/command-center/kpi,/v1/command-center/kpi,analytics.read,CommandCenterKpiReadRequest,CommandCenterKpiReadResponse,approved-target,Artur Wiśniewski
command-center.overview.read,command-center,query,GET,/api/v1/command-center/widok-glowny,/v1/command-center/widok-glowny,analytics.read,CommandCenterOverviewReadRequest,CommandCenterOverviewReadResponse,approved-target,Artur Wiśniewski
command-center.plan-performance.read,command-center,query,GET,/api/v1/command-center/plan-vs-wynik,/v1/command-center/plan-vs-wynik,analytics.read,CommandCenterPlanPerformanceReadRequest,CommandCenterPlanPerformanceReadResponse,approved-target,Artur Wiśniewski
command-center.products-summary.read,command-center,query,GET,/api/v1/command-center/produkty,/v1/command-center/produkty,analytics.read,CommandCenterProductsSummaryReadRequest,CommandCenterProductsSummaryReadResponse,approved-target,Artur Wiśniewski
command-center.read,command-center,query,GET,/api/v1/command-center/read,/v1/command-center/read,command-center.read,CommandCenterReadRequest,CommandCenterReadResponse,approved-target,Artur Wiśniewski
command-center.sales-signals.read,command-center,query,GET,/api/v1/command-center/sygnaly-sprzedazowe,/v1/command-center/sygnaly-sprzedazowe,analytics.read,CommandCenterSalesSignalsReadRequest,CommandCenterSalesSignalsReadResponse,approved-target,Artur Wiśniewski
command-center.sales-sources.read,command-center,query,GET,/api/v1/command-center/zrodla-sprzedazy,/v1/command-center/zrodla-sprzedazy,analytics.read,CommandCenterSalesSourcesReadRequest,CommandCenterSalesSourcesReadResponse,approved-target,Artur Wiśniewski
command-center.traffic-summary.read,command-center,query,GET,/api/v1/command-center/ruch,/v1/command-center/ruch,analytics.read,CommandCenterTrafficSummaryReadRequest,CommandCenterTrafficSummaryReadResponse,approved-target,Artur Wiśniewski
command-center.waterfall.read,command-center,query,GET,/api/v1/command-center/waterfall,/v1/command-center/waterfall,analytics.read,CommandCenterWaterfallReadRequest,CommandCenterWaterfallReadResponse,approved-target,Artur Wiśniewski
command-center.write,command-center,command,POST,/api/v1/command-center/write,/v1/command-center/write,command-center.write,CommandCenterWriteRequest,CommandCenterWriteResponse,approved-target,Artur Wiśniewski
company.draft.update,company,command,PUT,/api/v1/company/draft,/v1/company/draft,company.write,CompanyDraftUpdateRequest,CompanyDraftUpdateResponse,approved-target,Artur Wiśniewski
company.lookup,company,query,GET,/api/v1/company/lookup,/v1/company/lookup,company.read,CompanyLookupRequest,CompanyLookupResponse,approved-target,Artur Wiśniewski
customers.cohorts.read,customers,query,GET,/api/v1/customers/kohorty,/v1/customers/kohorty,customers.read,CustomersCohortsReadRequest,CustomersCohortsReadResponse,approved-target,Artur Wiśniewski
customers.identity-conflicts.read,customers,query,GET,/api/v1/customers/konflikty-tozsamosci,/v1/customers/konflikty-tozsamosci,customers.read,CustomersIdentityConflictsReadRequest,CustomersIdentityConflictsReadResponse,approved-target,Artur Wiśniewski
customers.impact.read,customers,query,GET,/api/v1/customers/analiza-wplywu,/v1/customers/analiza-wplywu,customers.read,CustomersImpactReadRequest,CustomersImpactReadResponse,approved-target,Artur Wiśniewski
customers.overview.read,customers,query,GET,/api/v1/customers/przeglad,/v1/customers/przeglad,customers.read,CustomersOverviewReadRequest,CustomersOverviewReadResponse,approved-target,Artur Wiśniewski
customers.privacy.read,customers,query,GET,/api/v1/customers/prywatnosc,/v1/customers/prywatnosc,customers.read,CustomersPrivacyReadRequest,CustomersPrivacyReadResponse,approved-target,Artur Wiśniewski
customers.pseudonymized-detail.read,customers,query,GET,/api/v1/customers/szczegoly-pseudonimizowane,/v1/customers/szczegoly-pseudonimizowane,customers.read,CustomersPseudonymizedDetailReadRequest,CustomersPseudonymizedDetailReadResponse,approved-target,Artur Wiśniewski
customers.read,customers,query,GET,/api/v1/customers/read,/v1/customers/read,customers.read,CustomersReadRequest,CustomersReadResponse,approved-target,Artur Wiśniewski
customers.segment.analyze,customers,query,GET,/api/v1/customers/segment/analyze,/v1/customers/segment/analyze,customers.read,CustomersSegmentAnalyzeRequest,CustomersSegmentAnalyzeResponse,approved-target,Artur Wiśniewski
customers.segments.read,customers,query,GET,/api/v1/customers/segmenty,/v1/customers/segmenty,customers.read,CustomersSegmentsReadRequest,CustomersSegmentsReadResponse,approved-target,Artur Wiśniewski
customers.write,customers,command,POST,/api/v1/customers/write,/v1/customers/write,customers.write,CustomersWriteRequest,CustomersWriteResponse,approved-target,Artur Wiśniewski
data-quality.center.read,data-quality,query,GET,/api/v1/data-quality/centrum-jakosci,/v1/data-quality/centrum-jakosci,data-quality.read,DataQualityCenterReadRequest,DataQualityCenterReadResponse,approved-target,Artur Wiśniewski
data-quality.conflicts.read,data-quality,query,GET,/api/v1/data-quality/konflikty,/v1/data-quality/konflikty,data-quality.read,DataQualityConflictsReadRequest,DataQualityConflictsReadResponse,approved-target,Artur Wiśniewski
data-quality.dataset.read,data-quality,query,GET,/api/v1/data-quality/zbior-danych,/v1/data-quality/zbior-danych,data-quality.read,DataQualityDatasetReadRequest,DataQualityDatasetReadResponse,approved-target,Artur Wiśniewski
data-quality.lineage.read,data-quality,query,GET,/api/v1/data-quality/pochodzenie-danych,/v1/data-quality/pochodzenie-danych,data-quality.read,DataQualityLineageReadRequest,DataQualityLineageReadResponse,approved-target,Artur Wiśniewski
data-quality.manual-review.read,data-quality,query,GET,/api/v1/data-quality/przeglad-reczny,/v1/data-quality/przeglad-reczny,data-quality.read,DataQualityManualReviewReadRequest,DataQualityManualReviewReadResponse,approved-target,Artur Wiśniewski
data-quality.manual-review.submit,data-quality,command,POST,/api/v1/data-quality/manual-review,/v1/data-quality/manual-review,data-quality.write,DataQualityManualReviewSubmitRequest,DataQualityManualReviewSubmitResponse,approved-target,Artur Wiśniewski
data-quality.read,data-quality,query,GET,/api/v1/data-quality/read,/v1/data-quality/read,data-quality.read,DataQualityReadRequest,DataQualityReadResponse,approved-target,Artur Wiśniewski
data-quality.readiness.read,data-quality,query,GET,/api/v1/data-quality/readiness,/v1/data-quality/readiness,data-quality.read,DataQualityReadinessReadRequest,DataQualityReadinessReadResponse,approved-target,Artur Wiśniewski
data-quality.reconciliation.confirm,data-quality,command,POST,/api/v1/data-quality/reconciliation/confirm,/v1/data-quality/reconciliation/confirm,data-quality.write,DataQualityReconciliationConfirmRequest,DataQualityReconciliationConfirmResponse,approved-target,Artur Wiśniewski
data-quality.reconciliation.read,data-quality,query,GET,/api/v1/data-quality/rekoncyliacja,/v1/data-quality/rekoncyliacja,data-quality.read,DataQualityReconciliationReadRequest,DataQualityReconciliationReadResponse,approved-target,Artur Wiśniewski
data-quality.reprocess.start,data-quality,command,POST,/api/v1/data-quality/reprocess,/v1/data-quality/reprocess,data-quality.write,DataQualityReprocessStartRequest,DataQualityReprocessStartResponse,approved-target,Artur Wiśniewski
data-quality.reprocessing.read,data-quality,query,GET,/api/v1/data-quality/ponowne-przetwarzanie,/v1/data-quality/ponowne-przetwarzanie,data-quality.read,DataQualityReprocessingReadRequest,DataQualityReprocessingReadResponse,approved-target,Artur Wiśniewski
data-quality.source-overlap.read,data-quality,query,GET,/api/v1/data-quality/nakladanie-zrodel,/v1/data-quality/nakladanie-zrodel,data-quality.read,DataQualitySourceOverlapReadRequest,DataQualitySourceOverlapReadResponse,approved-target,Artur Wiśniewski
data-quality.source-priority.read,data-quality,query,GET,/api/v1/data-quality/nadrzednosc-zrodla,/v1/data-quality/nadrzednosc-zrodla,data-quality.read,DataQualitySourcePriorityReadRequest,DataQualitySourcePriorityReadResponse,approved-target,Artur Wiśniewski
data-quality.write,data-quality,command,POST,/api/v1/data-quality/write,/v1/data-quality/write,data-quality.write,DataQualityWriteRequest,DataQualityWriteResponse,approved-target,Artur Wiśniewski
decisions.action-brief.read,decisions,query,GET,/api/v1/decisions/brief-dzialania,/v1/decisions/brief-dzialania,decisions.read,DecisionsActionBriefReadRequest,DecisionsActionBriefReadResponse,approved-target,Artur Wiśniewski
decisions.action-detail.read,decisions,query,GET,/api/v1/decisions/szczegoly-dzialania,/v1/decisions/szczegoly-dzialania,decisions.read,DecisionsActionDetailReadRequest,DecisionsActionDetailReadResponse,approved-target,Artur Wiśniewski
decisions.action-library.read,decisions,query,GET,/api/v1/decisions/biblioteka-dzialan,/v1/decisions/biblioteka-dzialan,decisions.read,DecisionsActionLibraryReadRequest,DecisionsActionLibraryReadResponse,approved-target,Artur Wiśniewski
decisions.action.brief.create,decisions,command,POST,/api/v1/decisions/action-brief,/v1/decisions/action-brief,decisions.write,DecisionsActionBriefCreateRequest,DecisionsActionBriefCreateResponse,approved-target,Artur Wiśniewski
decisions.center.read,decisions,query,GET,/api/v1/decisions/centrum-decyzji,/v1/decisions/centrum-decyzji,decisions.read,DecisionsCenterReadRequest,DecisionsCenterReadResponse,approved-target,Artur Wiśniewski
decisions.decision.record,decisions,command,POST,/api/v1/decisions/registry,/v1/decisions/registry,decisions.write,DecisionsDecisionRecordRequest,DecisionsDecisionRecordResponse,approved-target,Artur Wiśniewski
decisions.measurement.read,decisions,query,GET,/api/v1/decisions/pomiar,/v1/decisions/pomiar,decisions.read,DecisionsMeasurementReadRequest,DecisionsMeasurementReadResponse,approved-target,Artur Wiśniewski
decisions.observation.create,decisions,command,POST,/api/v1/decisions/observations,/v1/decisions/observations,decisions.write,DecisionsObservationCreateRequest,DecisionsObservationCreateResponse,approved-target,Artur Wiśniewski
decisions.observations.read,decisions,query,GET,/api/v1/decisions/obserwacje,/v1/decisions/obserwacje,decisions.read,DecisionsObservationsReadRequest,DecisionsObservationsReadResponse,approved-target,Artur Wiśniewski
decisions.recommendation.read,decisions,query,GET,/api/v1/decisions/recommendation,/v1/decisions/recommendation,decisions.read,DecisionsRecommendationReadRequest,DecisionsRecommendationReadResponse,approved-target,Artur Wiśniewski
decisions.registry.read,decisions,query,GET,/api/v1/decisions/rejestr-decyzji,/v1/decisions/rejestr-decyzji,decisions.read,DecisionsRegistryReadRequest,DecisionsRegistryReadResponse,approved-target,Artur Wiśniewski
decisions.rekomendacje.read,decisions,query,GET,/api/v1/decisions/rekomendacje,/v1/decisions/rekomendacje,decisions.read,DecisionsRekomendacjeReadRequest,DecisionsRekomendacjeReadResponse,approved-target,Artur Wiśniewski
decisions.relations.read,decisions,query,GET,/api/v1/decisions/powiazania-z-modulami-i-sprawami,/v1/decisions/powiazania-z-modulami-i-sprawami,decisions.read,DecisionsRelationsReadRequest,DecisionsRelationsReadResponse,approved-target,Artur Wiśniewski
help.home.read,help,query,GET,/api/v1/help/strona-glowna-pomocy,/v1/help/strona-glowna-pomocy,help.read,HelpHomeReadRequest,HelpHomeReadResponse,approved-target,Artur Wiśniewski
help.procedure-detail.read,help,query,GET,/api/v1/help/szczegoly-procedury,/v1/help/szczegoly-procedury,help.read,HelpProcedureDetailReadRequest,HelpProcedureDetailReadResponse,approved-target,Artur Wiśniewski
help.procedures.read,help,query,GET,/api/v1/help/procedury,/v1/help/procedury,help.read,HelpProceduresReadRequest,HelpProceduresReadResponse,approved-target,Artur Wiśniewski
help.read,help,query,GET,/api/v1/help/read,/v1/help/read,help.read,HelpReadRequest,HelpReadResponse,approved-target,Artur Wiśniewski
help.results.read,help,query,GET,/api/v1/help/lista-wynikow,/v1/help/lista-wynikow,help.read,HelpResultsReadRequest,HelpResultsReadResponse,approved-target,Artur Wiśniewski
help.support-request.read,help,query,GET,/api/v1/help/zgloszenie-wsparcia,/v1/help/zgloszenie-wsparcia,help.read,HelpSupportRequestReadRequest,HelpSupportRequestReadResponse,approved-target,Artur Wiśniewski
help.write,help,command,POST,/api/v1/help/write,/v1/help/write,help.write,HelpWriteRequest,HelpWriteResponse,approved-target,Artur Wiśniewski
integrations.catalog.read,integrations,query,GET,/api/v1/integrations/katalog-integracji,/v1/integrations/katalog-integracji,integrations.read,IntegrationsCatalogReadRequest,IntegrationsCatalogReadResponse,approved-target,Artur Wiśniewski
integrations.connection-wizard.read,integrations,query,GET,/api/v1/integrations/kreator-polaczenia,/v1/integrations/kreator-polaczenia,integrations.read,IntegrationsConnectionWizardReadRequest,IntegrationsConnectionWizardReadResponse,approved-target,Artur Wiśniewski
integrations.connection.create,integrations,command,POST,/api/v1/integrations/connections,/v1/integrations/connections,integrations.write,IntegrationsConnectionCreateRequest,IntegrationsConnectionCreateResponse,approved-target,Artur Wiśniewski
integrations.detail.read,integrations,query,GET,/api/v1/integrations/szczegoly-integracji,/v1/integrations/szczegoly-integracji,integrations.read,IntegrationsDetailReadRequest,IntegrationsDetailReadResponse,approved-target,Artur Wiśniewski
integrations.disconnect.read,integrations,query,GET,/api/v1/integrations/odlaczenie,/v1/integrations/odlaczenie,integrations.read,IntegrationsDisconnectReadRequest,IntegrationsDisconnectReadResponse,approved-target,Artur Wiśniewski
integrations.oauth.callback,integrations,callback,POST,/api/v1/integrations/oauth/callback,/v1/integrations/oauth/callback,integrations.write,IntegrationsOauthCallbackRequest,IntegrationsOauthCallbackResponse,approved-target,Artur Wiśniewski
integrations.provider-outage.read,integrations,query,GET,/api/v1/integrations/awaria-providera,/v1/integrations/awaria-providera,integrations.read,IntegrationsProviderOutageReadRequest,IntegrationsProviderOutageReadResponse,approved-target,Artur Wiśniewski
integrations.read,integrations,query,GET,/api/v1/integrations/read,/v1/integrations/read,integrations.read,IntegrationsReadRequest,IntegrationsReadResponse,approved-target,Artur Wiśniewski
integrations.reconnect.read,integrations,query,GET,/api/v1/integrations/ponowne-polaczenie,/v1/integrations/ponowne-polaczenie,integrations.read,IntegrationsReconnectReadRequest,IntegrationsReconnectReadResponse,approved-target,Artur Wiśniewski
integrations.reconnect.start,integrations,command,POST,/api/v1/integrations/reconnect/start,/v1/integrations/reconnect/start,integrations.write,IntegrationsReconnectStartRequest,IntegrationsReconnectStartResponse,approved-target,Artur Wiśniewski
integrations.sync-history.read,integrations,query,GET,/api/v1/integrations/historia-synchronizacji,/v1/integrations/historia-synchronizacji,integrations.read,IntegrationsSyncHistoryReadRequest,IntegrationsSyncHistoryReadResponse,approved-target,Artur Wiśniewski
integrations.sync-run.read,integrations,query,GET,/api/v1/integrations/przebieg-synchronizacji,/v1/integrations/przebieg-synchronizacji,integrations.read,IntegrationsSyncRunReadRequest,IntegrationsSyncRunReadResponse,approved-target,Artur Wiśniewski
integrations.sync-scope.read,integrations,query,GET,/api/v1/integrations/zakres-synchronizacji,/v1/integrations/zakres-synchronizacji,integrations.read,IntegrationsSyncScopeReadRequest,IntegrationsSyncScopeReadResponse,approved-target,Artur Wiśniewski
integrations.sync.resume,integrations,command,POST,/api/v1/integrations/sync/resume,/v1/integrations/sync/resume,integrations.write,IntegrationsSyncResumeRequest,IntegrationsSyncResumeResponse,approved-target,Artur Wiśniewski
integrations.sync.start,integrations,command,POST,/api/v1/integrations/sync/start,/v1/integrations/sync/start,integrations.write,IntegrationsSyncStartRequest,IntegrationsSyncStartResponse,approved-target,Artur Wiśniewski
integrations.write,integrations,command,POST,/api/v1/integrations/write,/v1/integrations/write,integrations.write,IntegrationsWriteRequest,IntegrationsWriteResponse,approved-target,Artur Wiśniewski
invitation.accept,auth,command,POST,/api/v1/auth/invitations/accept,/v1/auth/invitations/accept,auth.write,InvitationAcceptRequest,InvitationAcceptResponse,approved-target,Artur Wiśniewski
invitation.read,invitation,query,GET,/api/v1/invitation/read,/v1/invitation/read,invitation.read,InvitationReadRequest,InvitationReadResponse,approved-target,Artur Wiśniewski
invitation.reject,invitation,command,POST,/api/v1/invitation/reject,/v1/invitation/reject,invitation.write,InvitationRejectRequest,InvitationRejectResponse,approved-target,Artur Wiśniewski
invitation.request,invitation,command,POST,/api/v1/auth/invitations/request,/v1/auth/invitations/request,auth.write,InvitationRequestRequest,InvitationRequestResponse,approved-target,Artur Wiśniewski
invitation.validate,auth,command,POST,/api/v1/auth/invitations/validate,/v1/auth/invitations/validate,auth.read,InvitationValidateRequest,InvitationValidateResponse,approved-target,Artur Wiśniewski
mobile.device.manage,mobile,command,POST,/api/v1/mobile/device/manage,/v1/mobile/device/manage,mobile.write,MobileDeviceManageRequest,MobileDeviceManageResponse,approved-target,Artur Wiśniewski
mobile.invite,mobile,command,POST,/api/v1/mobile/invite,/v1/mobile/invite,mobile.write,MobileInviteRequest,MobileInviteResponse,approved-target,Artur Wiśniewski
mobile.use,mobile,query,GET,/api/v1/mobile/use,/v1/mobile/use,mobile.read,MobileUseRequest,MobileUseResponse,approved-target,Artur Wiśniewski
onboarding.profile.update,onboarding,command,PUT,/api/v1/onboarding/profile,/v1/onboarding/profile,workspace.write,OnboardingProfileUpdateRequest,OnboardingProfileUpdateResponse,approved-target,Artur Wiśniewski
onboarding.progress.read,onboarding,query,GET,/api/v1/onboarding/progress,/v1/onboarding/progress,workspace.read,OnboardingProgressReadRequest,OnboardingProgressReadResponse,approved-target,Artur Wiśniewski
orders.detail.read,orders,query,GET,/api/v1/orders/szczegoly,/v1/orders/szczegoly,orders.read,OrdersDetailReadRequest,OrdersDetailReadResponse,approved-target,Artur Wiśniewski
orders.eksport.read,orders,query,GET,/api/v1/orders/eksport,/v1/orders/eksport,orders.read,OrdersEksportReadRequest,OrdersEksportReadResponse,approved-target,Artur Wiśniewski
orders.list.read,orders,query,GET,/api/v1/orders/lista,/v1/orders/lista,orders.read,OrdersListReadRequest,OrdersListReadResponse,approved-target,Artur Wiśniewski
orders.os-zdarzen.read,orders,query,GET,/api/v1/orders/os-zdarzen,/v1/orders/os-zdarzen,orders.read,OrdersOsZdarzenReadRequest,OrdersOsZdarzenReadResponse,approved-target,Artur Wiśniewski
orders.overview.read,orders,query,GET,/api/v1/orders/przeglad,/v1/orders/przeglad,orders.read,OrdersOverviewReadRequest,OrdersOverviewReadResponse,approved-target,Artur Wiśniewski
orders.porownanie-zrodel.read,orders,query,GET,/api/v1/orders/porownanie-zrodel,/v1/orders/porownanie-zrodel,orders.read,OrdersPorownanieZrodelReadRequest,OrdersPorownanieZrodelReadResponse,approved-target,Artur Wiśniewski
orders.read,orders,query,GET,/api/v1/orders/read,/v1/orders/read,orders.read,OrdersReadRequest,OrdersReadResponse,approved-target,Artur Wiśniewski
orders.rekoncyliacja-skrot.read,orders,query,GET,/api/v1/orders/rekoncyliacja-skrot,/v1/orders/rekoncyliacja-skrot,orders.read,OrdersRekoncyliacjaSkrotReadRequest,OrdersRekoncyliacjaSkrotReadResponse,approved-target,Artur Wiśniewski
orders.write,orders,command,POST,/api/v1/orders/write,/v1/orders/write,orders.write,OrdersWriteRequest,OrdersWriteResponse,approved-target,Artur Wiśniewski
papa.action-approval.read,papa,query,GET,/api/v1/papa/ai-action-approval,/v1/papa/ai-action-approval,ai.read,PapaActionApprovalReadRequest,PapaActionApprovalReadResponse,approved-target,Artur Wiśniewski
papa.actions.read,papa,query,GET,/api/v1/papa/ai-actions,/v1/papa/ai-actions,ai.read,PapaActionsReadRequest,PapaActionsReadResponse,approved-target,Artur Wiśniewski
papa.ai.action.approve,papa,command,POST,/api/v1/papa/ai-actions/approve,/v1/papa/ai-actions/approve,ai.write,PapaAiActionApproveRequest,PapaAiActionApproveResponse,approved-target,Artur Wiśniewski
papa.ai.action.execute,papa,job,POST,/api/v1/papa/ai-actions/execute,/v1/papa/ai-actions/execute,ai.write,PapaAiActionExecuteRequest,PapaAiActionExecuteResponse,approved-target,Artur Wiśniewski
papa.ai.action.reject,papa,command,POST,/api/v1/papa/ai-actions/reject,/v1/papa/ai-actions/reject,ai.write,PapaAiActionRejectRequest,PapaAiActionRejectResponse,approved-target,Artur Wiśniewski
papa.ai.action.rollback,papa,command,POST,/api/v1/papa/ai-actions/rollback,/v1/papa/ai-actions/rollback,ai.write,PapaAiActionRollbackRequest,PapaAiActionRollbackResponse,approved-target,Artur Wiśniewski
papa.ai.action.validate,papa,command,POST,/api/v1/papa/ai-actions/validate,/v1/papa/ai-actions/validate,ai.write,PapaAiActionValidateRequest,PapaAiActionValidateResponse,approved-target,Artur Wiśniewski
papa.answer.generate,papa,command,POST,/api/v1/papa/answer,/v1/papa/answer,ai.write,PapaAnswerGenerateRequest,PapaAnswerGenerateResponse,approved-target,Artur Wiśniewski
papa.answer.read,papa,query,GET,/api/v1/papa/odpowiedz-papa,/v1/papa/odpowiedz-papa,ai.read,PapaAnswerReadRequest,PapaAnswerReadResponse,approved-target,Artur Wiśniewski
papa.assistant-shell.read,papa,query,GET,/api/v1/papa/assistantshell,/v1/papa/assistantshell,ai.read,PapaAssistantShellReadRequest,PapaAssistantShellReadResponse,approved-target,Artur Wiśniewski
papa.context-basket.read,papa,query,GET,/api/v1/papa/context-basket,/v1/papa/context-basket,ai.read,PapaContextBasketReadRequest,PapaContextBasketReadResponse,approved-target,Artur Wiśniewski
papa.context-panel.read,papa,query,GET,/api/v1/papa/panel-kontekstowy-papa,/v1/papa/panel-kontekstowy-papa,ai.read,PapaContextPanelReadRequest,PapaContextPanelReadResponse,approved-target,Artur Wiśniewski
papa.context.capture,papa,command,POST,/api/v1/papa/context/capture,/v1/papa/context/capture,ai.write,PapaContextCaptureRequest,PapaContextCaptureResponse,approved-target,Artur Wiśniewski
papa.evidence.read,papa,query,GET,/api/v1/papa/dowody,/v1/papa/dowody,ai.read,PapaEvidenceReadRequest,PapaEvidenceReadResponse,approved-target,Artur Wiśniewski
papa.governance.read,papa,query,GET,/api/v1/papa/ustawienia-ai-i-governance,/v1/papa/ustawienia-ai-i-governance,ai.read,PapaGovernanceReadRequest,PapaGovernanceReadResponse,approved-target,Artur Wiśniewski
papa.history-memory.read,papa,query,GET,/api/v1/papa/historia-i-pamiec-papa,/v1/papa/historia-i-pamiec-papa,ai.read,PapaHistoryMemoryReadRequest,PapaHistoryMemoryReadResponse,approved-target,Artur Wiśniewski
papa.lab.read,papa,query,GET,/api/v1/papa/laboratorium-ai,/v1/papa/laboratorium-ai,ai.read,PapaLabReadRequest,PapaLabReadResponse,approved-target,Artur Wiśniewski
papa.observation.save,papa,command,POST,/api/v1/papa/observations,/v1/papa/observations,ai.write,PapaObservationSaveRequest,PapaObservationSaveResponse,approved-target,Artur Wiśniewski
papa.observations.read,papa,query,GET,/api/v1/papa/obserwacje,/v1/papa/obserwacje,ai.read,PapaObservationsReadRequest,PapaObservationsReadResponse,approved-target,Artur Wiśniewski
papa.proposals.read,papa,query,GET,/api/v1/papa/propozycje-ai,/v1/papa/propozycje-ai,ai.read,PapaProposalsReadRequest,PapaProposalsReadResponse,approved-target,Artur Wiśniewski
papa.read,papa,query,GET,/api/v1/papa/read,/v1/papa/read,papa.read,PapaReadRequest,PapaReadResponse,approved-target,Artur Wiśniewski
papa.write,papa,command,POST,/api/v1/papa/write,/v1/papa/write,papa.write,PapaWriteRequest,PapaWriteResponse,approved-target,Artur Wiśniewski
products.catalog.read,products,query,GET,/api/v1/products/katalog,/v1/products/katalog,products.read,ProductsCatalogReadRequest,ProductsCatalogReadResponse,approved-target,Artur Wiśniewski
products.detail.read,products,query,GET,/api/v1/products/szczegoly,/v1/products/szczegoly,products.read,ProductsDetailReadRequest,ProductsDetailReadResponse,approved-target,Artur Wiśniewski
products.gaps.queue.read,products,query,GET,/api/v1/products/kolejka-brakow,/v1/products/kolejka-brakow,products.read,ProductsGapsQueueReadRequest,ProductsGapsQueueReadResponse,approved-target,Artur Wiśniewski
products.impact.read,products,query,GET,/api/v1/products/analiza-wplywu,/v1/products/analiza-wplywu,products.read,ProductsImpactReadRequest,ProductsImpactReadResponse,approved-target,Artur Wiśniewski
products.mapping.read,products,query,GET,/api/v1/products/mapowanie,/v1/products/mapowanie,products.read,ProductsMappingReadRequest,ProductsMappingReadResponse,approved-target,Artur Wiśniewski
products.mapping.update,products,command,PUT,/api/v1/products/mapping,/v1/products/mapping,products.write,ProductsMappingUpdateRequest,ProductsMappingUpdateResponse,approved-target,Artur Wiśniewski
products.offers.read,products,query,GET,/api/v1/products/oferty,/v1/products/oferty,products.read,ProductsOffersReadRequest,ProductsOffersReadResponse,approved-target,Artur Wiśniewski
products.overview.read,products,query,GET,/api/v1/products/przeglad,/v1/products/przeglad,products.read,ProductsOverviewReadRequest,ProductsOverviewReadResponse,approved-target,Artur Wiśniewski
products.performance.read,products,query,GET,/api/v1/products/wydajnosc,/v1/products/wydajnosc,products.read,ProductsPerformanceReadRequest,ProductsPerformanceReadResponse,approved-target,Artur Wiśniewski
products.read,products,query,GET,/api/v1/products/read,/v1/products/read,products.read,ProductsReadRequest,ProductsReadResponse,approved-target,Artur Wiśniewski
products.write,products,command,POST,/api/v1/products/write,/v1/products/write,products.write,ProductsWriteRequest,ProductsWriteResponse,approved-target,Artur Wiśniewski
settings.account-security.read,settings,query,GET,/api/v1/settings/bezpieczenstwo-konta,/v1/settings/bezpieczenstwo-konta,settings.read,SettingsAccountSecurityReadRequest,SettingsAccountSecurityReadResponse,approved-target,Artur Wiśniewski
settings.audit.read,settings,query,GET,/api/v1/settings/audyt,/v1/settings/audyt,settings.read,SettingsAuditReadRequest,SettingsAuditReadResponse,approved-target,Artur Wiśniewski
settings.memberships.read,settings,query,GET,/api/v1/settings/czlonkostwa,/v1/settings/czlonkostwa,settings.read,SettingsMembershipsReadRequest,SettingsMembershipsReadResponse,approved-target,Artur Wiśniewski
settings.organization.read,settings,query,GET,/api/v1/settings/organizacja,/v1/settings/organizacja,settings.read,SettingsOrganizationReadRequest,SettingsOrganizationReadResponse,approved-target,Artur Wiśniewski
settings.privacy.read,settings,query,GET,/api/v1/settings/prywatnosc,/v1/settings/prywatnosc,settings.read,SettingsPrivacyReadRequest,SettingsPrivacyReadResponse,approved-target,Artur Wiśniewski
settings.read,settings,query,GET,/api/v1/settings/read,/v1/settings/read,settings.read,SettingsReadRequest,SettingsReadResponse,approved-target,Artur Wiśniewski
settings.roles.read,settings,query,GET,/api/v1/settings/role-i-uprawnienia,/v1/settings/role-i-uprawnienia,settings.read,SettingsRolesReadRequest,SettingsRolesReadResponse,approved-target,Artur Wiśniewski
settings.sessions.read,settings,query,GET,/api/v1/settings/sesje,/v1/settings/sesje,settings.read,SettingsSessionsReadRequest,SettingsSessionsReadResponse,approved-target,Artur Wiśniewski
settings.support-access.read,settings,query,GET,/api/v1/settings/dostep-wsparcia,/v1/settings/dostep-wsparcia,settings.read,SettingsSupportAccessReadRequest,SettingsSupportAccessReadResponse,approved-target,Artur Wiśniewski
settings.workspace.profile.update,settings,command,PATCH,/api/v1/settings/workspace/profile/update,/v1/settings/workspace/profile/update,settings.write,SettingsWorkspaceProfileUpdateRequest,SettingsWorkspaceProfileUpdateResponse,approved-target,Artur Wiśniewski
settings.workspace.read,settings,query,GET,/api/v1/settings/workspace,/v1/settings/workspace,settings.read,SettingsWorkspaceReadRequest,SettingsWorkspaceReadResponse,approved-target,Artur Wiśniewski
settings.write,settings,command,POST,/api/v1/settings/write,/v1/settings/write,settings.write,SettingsWriteRequest,SettingsWriteResponse,approved-target,Artur Wiśniewski
traffic.channels.read,traffic,query,GET,/api/v1/traffic/kanaly,/v1/traffic/kanaly,traffic.read,TrafficChannelsReadRequest,TrafficChannelsReadResponse,approved-target,Artur Wiśniewski
traffic.drop.diagnose,traffic,query,GET,/api/v1/traffic/drop/diagnose,/v1/traffic/drop/diagnose,traffic.read,TrafficDropDiagnoseRequest,TrafficDropDiagnoseResponse,approved-target,Artur Wiśniewski
traffic.event-quality.read,traffic,query,GET,/api/v1/traffic/jakosc-zdarzen,/v1/traffic/jakosc-zdarzen,traffic.read,TrafficEventQualityReadRequest,TrafficEventQualityReadResponse,approved-target,Artur Wiśniewski
traffic.funnel-definitions.read,traffic,query,GET,/api/v1/traffic/definicje-lejka,/v1/traffic/definicje-lejka,traffic.read,TrafficFunnelDefinitionsReadRequest,TrafficFunnelDefinitionsReadResponse,approved-target,Artur Wiśniewski
traffic.funnel-step.read,traffic,query,GET,/api/v1/traffic/lejek-szczegoly-kroku,/v1/traffic/lejek-szczegoly-kroku,traffic.read,TrafficFunnelStepReadRequest,TrafficFunnelStepReadResponse,approved-target,Artur Wiśniewski
traffic.funnel.read,traffic,query,GET,/api/v1/traffic/lejek-widok,/v1/traffic/lejek-widok,traffic.read,TrafficFunnelReadRequest,TrafficFunnelReadResponse,approved-target,Artur Wiśniewski
traffic.ga4-orders.read,traffic,query,GET,/api/v1/traffic/ga4-vs-zamowienia,/v1/traffic/ga4-vs-zamowienia,traffic.read,TrafficGa4OrdersReadRequest,TrafficGa4OrdersReadResponse,approved-target,Artur Wiśniewski
traffic.landing-pages.read,traffic,query,GET,/api/v1/traffic/strony-wejscia,/v1/traffic/strony-wejscia,traffic.read,TrafficLandingPagesReadRequest,TrafficLandingPagesReadResponse,approved-target,Artur Wiśniewski
traffic.overview.read,traffic,query,GET,/api/v1/traffic/przeglad-ruchu,/v1/traffic/przeglad-ruchu,traffic.read,TrafficOverviewReadRequest,TrafficOverviewReadResponse,approved-target,Artur Wiśniewski
traffic.read,traffic,query,GET,/api/v1/traffic/read,/v1/traffic/read,traffic.read,TrafficReadRequest,TrafficReadResponse,approved-target,Artur Wiśniewski
traffic.write,traffic,command,POST,/api/v1/traffic/write,/v1/traffic/write,traffic.write,TrafficWriteRequest,TrafficWriteResponse,approved-target,Artur Wiśniewski
workspace.onboarding.update,workspace,command,POST,/api/v1/workspace/onboarding/update,/v1/workspace/onboarding/update,workspace.write,WorkspaceOnboardingUpdateRequest,WorkspaceOnboardingUpdateResponse,approved-target,Artur Wiśniewski
workspace.resolve,workspace,query,GET,/api/v1/workspace/resolve,/v1/workspace/resolve,workspace.read,WorkspaceResolveRequest,WorkspaceResolveResponse,approved-target,Artur Wiśniewski
